id,first_name,last_name,email,gender,city,country
1,Lynne,Petett,lpetett0@paypal.com,Female,RU,Abakan Airport
2,Bria,Bullene,bbullene1@i2i.jp,Female,PE,Shumba Airport
3,Leland,Fritchley,lfritchley2@squidoo.com,Male,CN,Dayong Airport
4,Althea,Gallagher,agallagher3@csmonitor.com,Female,US,Alliance Municipal Airport
5,Duff,Delete,ddelete4@oracle.com,Male,US,Chisana Airport
6,Blake,Pargeter,bpargeter5@bloglines.com,Genderqueer,TW,Wang-an Airport
7,Clay,Nucciotti,cnucciotti6@creativecommons.org,Male,AU,Exmouth Airport
8,Carlita,Sauvain,csauvain7@youtube.com,Bigender,US,John Glenn Columbus International Airport
9,Elsi,Foxhall,efoxhall8@cargocollective.com,Genderfluid,US,Port Alice Seaplane Base
10,Elianora,Andrzejczak,eandrzejczak9@sitemeter.com,Female,CN,Guangyuan Airport
11,Leslie,Johnke,ljohnkea@diigo.com,Female,BR,Canela Airport
12,Leicester,Fannin,lfanninb@free.fr,Male,GH,Sunyani Airport
13,Skelly,Cheal,schealc@alibaba.com,Male,US,Laurence G Hanscom Field
14,Regen,Wrintmore,rwrintmored@ameblo.jp,Male,NZ,Timaru Airport
15,Jdavie,Sharper,jsharpere@cafepress.com,Male,US,Hydaburg Seaplane Base
16,Junie,Brown,jbrownf@miibeian.gov.cn,Female,PG,Gasmata Island Airport
17,Kerk,Sporgeon,ksporgeong@google.es,Male,AU,Moranbah Airport
18,Kirstyn,Woodford,kwoodfordh@marketwatch.com,Genderfluid,CA,Fort Mackay / Firebag
19,Marcelle,Harry,mharryi@dropbox.com,Female,HN,Santa Rosa de Copán Airport
20,Euphemia,Bygrave,ebygravej@oakley.com,Female,MG,Farafangana Airport
21,Niel,Trainer,ntrainerk@yandex.ru,Male,CA,Trois-Rivières Airport
22,Alvera,Foulger,afoulgerl@163.com,Female,NO,Alta Airport
23,Dorrie,Jelly,djellym@wikia.com,Female,FR,Cahors-Lalbenque Airport
24,Araldo,Micka,amickan@unesco.org,Polygender,AU,Austral Downs Airport
25,Dynah,Cocke,dcockeo@alexa.com,Female,DE,Schleswig Air Base
26,Gilberta,Pauletti,gpaulettip@youku.com,Female,CA,South Cariboo Region / 108 Mile Airport
27,Salim,Dunsmuir,sdunsmuirq@icio.us,Male,SE,Norrköping Airport
28,Lisetta,Efford,leffordr@adobe.com,Female,CN,Changhai Airport
29,Jodie,Brooker,jbrookers@behance.net,Female,US,Bryant Army Heliport
30,Garner,Haug,ghaugt@storify.com,Male,RU,Talagi Airport
31,Weber,Baiss,wbaissu@flavors.me,Male,IN,Rajiv Gandhi International Airport
32,Ive,O'Hickee,iohickeev@youku.com,Male,CN,Yangzhou Taizhou Airport
33,Eward,Jandel,ejandelw@wp.com,Male,ID,Tambolaka Airport
34,Ugo,Iannuzzelli,uiannuzzellix@cafepress.com,Male,PL,Rzeszów-Jasionka Airport
35,Bevon,O'Cahey,bocaheyy@marriott.com,Male,US,Hartness State (Springfield) Airport
36,Gloriana,Rentalll,grentalllz@hp.com,Female,BR,Oriximiná Airport
37,Shawn,Apple,sapple10@blogspot.com,Female,PG,Cape Gloucester Airport
38,Hamlin,Newing,hnewing11@forbes.com,Male,US,Cessna Aircraft Field
39,Merrie,Venediktov,mvenediktov12@cocolog-nifty.com,Female,ZA,Pilanesberg International Airport
40,Graig,Buckett,gbuckett13@huffingtonpost.com,Male,US,Hanchey Army (Fort Rucker) Heliport
41,Tisha,Bott,tbott14@wikispaces.com,Female,MY,Mersing Airport
42,Myron,Shearstone,mshearstone15@comcast.net,Male,IT,Lamezia Terme Airport
43,Tobias,Godspeede,tgodspeede16@paypal.com,Male,CG,Lekana Airport
44,Vaclav,Patington,vpatington17@auda.org.au,Male,US,Kake Seaplane Base
45,Stephannie,Darwen,sdarwen18@liveinternet.ru,Female,US,Whiteriver Airport
46,Elroy,Kensington,ekensington19@google.es,Male,PK,Bahawalnagar Airport
47,Aleece,Judkin,ajudkin1a@stanford.edu,Female,PT,Porto Santo Airport
48,Danya,Galer,dgaler1b@columbia.edu,Male,UG,Tororo Airport
49,Linus,Noye,lnoye1c@whitehouse.gov,Male,MV,Fuvahmulah Airport
50,Mateo,Vercruysse,mvercruysse1d@t.co,Male,CA,Pikangikum Airport
51,Yuri,Demaine,ydemaine1e@illinois.edu,Male,JP,Miyakejima Airport
52,Filmore,Cordall,fcordall1f@nature.com,Male,AU,Kalpowar Airport
53,Sinclare,Chapleo,schapleo1g@nhs.uk,Male,BS,Lynden Pindling International Airport
54,Pammy,Tibbs,ptibbs1h@cloudflare.com,Polygender,AU,Charleville Airport
55,Claus,Yakovl,cyakovl1i@businessweek.com,Male,SN,Bakel Airport
56,Marcellina,Heersema,mheersema1j@netvibes.com,Female,ES,San Sebastian Airport
57,Galvan,Dorin,gdorin1k@fema.gov,Male,NL,Amsterdam Airport Schiphol
58,Kristan,Panks,kpanks1l@wufoo.com,Female,CO,Barranco Minas Airport
59,Janaya,Maylin,jmaylin1m@dedecms.com,Female,CD,Inongo Airport
60,Dorie,Pavis,dpavis1n@freewebs.com,Female,MX,General Rafael Buelna International Airport
61,Joelie,Morison,jmorison1o@fastcompany.com,Female,BW,Khwai River Lodge Airport
62,Whit,Masdin,wmasdin1p@facebook.com,Bigender,GL,Upernavik Airport
63,Dean,Juzek,djuzek1q@google.com.au,Male,CN,Yan'an Ershilipu Airport
64,Johnathon,Housin,jhousin1r@usatoday.com,Male,US,Mariposa Yosemite Airport
65,Denyse,Masterman,dmasterman1s@businessweek.com,Female,XK,Priština International Airport
66,Joshia,Aaron,jaaron1t@businessinsider.com,Male,FR,La Rochelle-Île de Ré Airport
67,Belia,Faldoe,bfaldoe1u@nps.gov,Female,CL,El Tuqui Airport
68,Marianna,Ranaghan,mranaghan1v@state.gov,Agender,ID,Apalapsili Airport
69,Andee,Rapier,arapier1w@dropbox.com,Female,US,Park Township Airport
70,Sacha,Syalvester,ssyalvester1x@usatoday.com,Female,US,Griswold Airport
71,Delila,Tinklin,dtinklin1y@indiatimes.com,Genderfluid,US,Clarksville–Montgomery County Regional Airport
72,Duane,Neame,dneame1z@guardian.co.uk,Male,US,Cram Field
73,Hynda,Menpes,hmenpes20@auda.org.au,Female,US,Zachar Bay Seaplane Base
74,Horten,Reschke,hreschke21@wikispaces.com,Male,CN,Quanzhou Jinjiang International Airport
75,Toni,Fensome,tfensome22@nbcnews.com,Female,KE,Bamburi Airport
76,Gage,Shewan,gshewan23@icq.com,Male,US,Marco Island Executive Airport
77,Shawn,Ivanyushkin,sivanyushkin24@chronoengine.com,Female,DZ,Oum el Bouaghi airport
78,Devin,Mintrim,dmintrim25@instagram.com,Male,PG,Komo-Manda Airport
79,Erminie,Garthshore,egarthshore26@seattletimes.com,Female,AU,Alton Downs Airport
80,Drucill,Cleynaert,dcleynaert27@apple.com,Female,TH,Chiang Rai International Airport
81,Wakefield,Murr,wmurr28@meetup.com,Male,US,Unalakleet Airport
82,Rollie,Hugnot,rhugnot29@360.cn,Male,PT,Monte Real Air Base
83,Dimitri,Dabney,ddabney2a@zimbio.com,Male,BR,Paranaíba Airport
84,Christos,Cookley,ccookley2b@4shared.com,Male,FR,Paris-Orly Airport
85,Huey,Rigler,hrigler2c@woothemes.com,Male,US,Idaho Falls Regional Airport
86,Clemence,Chretien,cchretien2d@friendfeed.com,Female,BR,Santa Genoveva Airport
87,Freddie,Fane,ffane2e@surveymonkey.com,Male,CA,Tasiujaq Airport
88,Robina,Caulliere,rcaulliere2f@wix.com,Female,IN,Tuticorin Airport
89,Ursala,Doreward,udoreward2g@sitemeter.com,Female,AE,Jebel Ali Seaplane Base
90,Sal,Cowoppe,scowoppe2h@zdnet.com,Female,AU,Bollon Airport
91,Erskine,Lewson,elewson2i@usa.gov,Male,PK,Dera Ghazi Khan Airport
92,Kissiah,Atcock,katcock2j@auda.org.au,Female,AO,Soyo Airport
93,Mel,Rucklidge,mrucklidge2k@wsj.com,Male,US,Crater Lake-Klamath Regional Airport
94,Cedric,Macartney,cmacartney2l@statcounter.com,Male,KE,Jomo Kenyatta International Airport
95,Hadleigh,Canner,hcanner2m@hud.gov,Bigender,US,Indian Mountain LRRS Airport
96,Berta,Vedikhov,bvedikhov2n@ihg.com,Female,AF,Dywer Airbase
97,Cristen,Enterle,centerle2o@wunderground.com,Female,CV,Esperadinha Airport
98,Timothy,Ninnotti,tninnotti2p@deviantart.com,Male,GF,Cayenne-Rochambeau Airport
99,Delmar,Walls,dwalls2q@engadget.com,Male,BR,Colinas Airport
100,Thurston,Shiel,tshiel2r@eventbrite.com,Male,TN,Gabès Matmata International Airport
101,Zelma,Rodenburg,zrodenburg2s@weebly.com,Female,ID,Ayawasi Airport
102,Aurelea,Tingle,atingle2t@list-manage.com,Female,ID,"Noto Hadinegoro, Jember Airport"
103,Rad,Fryett,rfryett2u@youku.com,Male,BW,Jwaneng Airport
104,Hana,Hadcroft,hhadcroft2v@1688.com,Female,AU,Brisbane Archerfield Airport
105,Gavra,Parsand,gparsand2w@com.com,Female,UA,Chernivtsi International Airport
106,Art,Gilhooley,agilhooley2x@zimbio.com,Male,US,Jonesboro Municipal Airport
107,Marylin,Mussett,mmussett2y@netvibes.com,Bigender,DE,Wiesbaden Army Airfield
108,Lorilyn,Aspden,laspden2z@alexa.com,Female,PG,Manga Airport
109,Abbye,Belasco,abelasco30@accuweather.com,Female,CN,Fuyun Koktokay Airport
110,Mendy,Ryle,mryle31@surveymonkey.com,Male,BR,Fonte Boa Airport
111,Drew,Guitel,dguitel32@google.es,Male,PA,Cap Manuel Niño International Airport
112,Shaun,Fust,sfust33@ifeng.com,Female,AR,Capitan V A Almonacid Airport
113,Marissa,Dunkerton,mdunkerton34@foxnews.com,Female,US,Pembina Municipal Airport
114,Rozalie,Derill,rderill35@disqus.com,Female,ZA,Inyati Airport
115,Rosaline,Chifney,rchifney36@washingtonpost.com,Bigender,ET,Shakiso Airport
116,Gretna,Churm,gchurm37@netvibes.com,Female,PG,Guasopa Airport
117,Aland,Bolstridge,abolstridge38@yandex.ru,Male,CI,Bouna Airport
118,Bennie,Blackshaw,bblackshaw39@wp.com,Male,MH,Majkin Airport
119,Nikolaus,Spadoni,nspadoni3a@shutterfly.com,Male,AU,Casino Airport
120,Tarah,But,tbut3b@woothemes.com,Female,US,Sidney Municipal Airport
121,Scott,Mainwaring,smainwaring3c@tinyurl.com,Male,FR,Saint-Brieuc-Armor Airport
122,Marylou,Grundon,mgrundon3d@amazon.de,Female,ID,Kotabangun Airport
123,Kim,Lindman,klindman3e@histats.com,Agender,US,Opa-locka Executive Airport
124,Leigh,Egel,legel3f@unicef.org,Female,US,Harry Stern Airport
125,Jerrold,Brushneen,jbrushneen3g@epa.gov,Polygender,MX,General Heriberto Jara International Airport
126,Zia,Klimp,zklimp3h@ovh.net,Polygender,US,Lusk Municipal Airport
127,Terrijo,Grichukhanov,tgrichukhanov3i@theguardian.com,Female,IT,Vincenzo Florio Airport Trapani-Birgi
128,Addy,Leipelt,aleipelt3j@vimeo.com,Female,BR,Ubatuba Airport
129,Juliet,Forster,jforster3k@ovh.net,Female,IR,Havadarya Airport
130,Reggis,Girone,rgirone3l@amazon.de,Male,PE,Alejandro Velasco Astete International Airport
131,Ronda,Arnet,rarnet3m@purevolume.com,Female,US,"Wellsville Municipal Arpt,Tarantine Field"
132,Jehanna,Razoux,jrazoux3n@ycombinator.com,Female,US,Cortland County Chase Field
133,Amy,Sussams,asussams3o@ask.com,Agender,US,Donaldson Field Airport
134,Tyne,Bowen,tbowen3p@miibeian.gov.cn,Female,JO,Queen Alia International Airport
135,Nolly,Lewin,nlewin3q@goo.ne.jp,Male,SB,Mono Airport
136,Vinnie,Ney,vney3r@unc.edu,Polygender,RU,Ulyanovsk Baratayevka Airport
137,Jerrine,Regina,jregina3s@goo.ne.jp,Female,US,Jonesboro Municipal Airport
138,Kev,Gierok,kgierok3t@wikia.com,Male,IN,Murod Kond Airport
139,Dermot,Paridge,dparidge3u@themeforest.net,Male,US,Pueblo Memorial Airport
140,Eddie,Gorhardt,egorhardt3v@techcrunch.com,Female,CA,Umiujaq Airport
141,Luci,Averies,laveries3w@shop-pro.jp,Female,CO,Gomez Nino Apiay Air Base
142,Rana,Foucher,rfoucher3x@topsy.com,Female,AU,Coolibah Airport
143,Mohammed,Hourston,mhourston3y@accuweather.com,Male,US,Cedar City Regional Airport
144,Agnese,Hearon,ahearon3z@moonfruit.com,Female,AU,Temora Airport
145,Munroe,Cheshire,mcheshire40@i2i.jp,Male,TR,Adıyaman Airport
146,Lemmie,Berndt,lberndt41@google.fr,Male,ZA,Hazyview Airport
147,Lori,Tinan,ltinan42@yandex.ru,Female,DE,Ingolstadt Manching Airport
148,Correy,Govett,cgovett43@buzzfeed.com,Male,PG,Fishermans Airfield
149,Cristina,Bodsworth,cbodsworth44@indiatimes.com,Female,CA,Winisk Airport
150,Gar,Skipperbottom,gskipperbottom45@sina.com.cn,Male,PY,Guarani International Airport
151,Klemens,Maker,kmaker46@craigslist.org,Male,US,Roswell International Air Center Airport
152,Michael,Gray,mgray47@amazon.com,Male,GB,Lerwick / Tingwall Airport
153,Ralph,Lisimore,rlisimore48@ezinearticles.com,Male,US,Omak Airport
154,Adel,Stebles,astebles49@adobe.com,Female,SA,Al Qaisumah/Hafr Al Batin Airport
155,Weber,Alberts,walberts4a@weebly.com,Male,US,Lanai Airport
156,Nananne,Stansbie,nstansbie4b@netscape.com,Female,US,Roswell International Air Center Airport
157,Ossie,Littlewood,olittlewood4c@etsy.com,Male,US,John Glenn Columbus International Airport
158,Celina,Castree,ccastree4d@aboutads.info,Female,US,Vandenberg Air Force Base
159,Ali,Sedgemore,asedgemore4e@scribd.com,Female,MG,Port Bergé Airport
160,Shane,Meddemmen,smeddemmen4f@woothemes.com,Female,AU,Shaw River Airport
161,Sheelagh,Akhurst,sakhurst4g@zimbio.com,Female,SE,Hudiksvall Airport
162,Torrie,Allott,tallott4h@aol.com,Female,BO,Juana Azurduy De Padilla Airport
163,Ev,Cursey,ecursey4i@altervista.org,Male,SK,Košice Airport
164,Reidar,Blurton,rblurton4j@jimdo.com,Male,SD,Nyala Airport
165,Vinita,Pesek,vpesek4k@sciencedirect.com,Female,US,Hobart Regional Airport
166,Caz,Battman,cbattman4l@house.gov,Male,US,Cold Bay Airport
167,Arvin,Whiteley,awhiteley4m@twitter.com,Male,US,Ivanof Bay Seaplane Base
168,Ase,Budding,abudding4n@tripadvisor.com,Male,US,Pentagon Army Heliport
169,Ray,Wragg,rwragg4o@cisco.com,Male,LK,Sigiriya Air Force Base
170,Rebe,Curd,rcurd4p@youku.com,Female,CN,Diqing Airport
171,Avivah,Leathes,aleathes4q@dropbox.com,Non-binary,CR,Tobias Bolanos International Airport
172,Ernesto,Keiley,ekeiley4r@purevolume.com,Male,CO,Gustavo Artunduaga Paredes Airport
173,Ralph,Ryles,rryles4s@ihg.com,Male,MD,Chişinău International Airport
174,Caty,Eat,ceat4t@bloglovin.com,Female,US,Enid Woodring Regional Airport
175,Germana,Marieton,gmarieton4u@vistaprint.com,Female,CN,Manzhouli Xijiao Airport
176,Isadora,Cerman,icerman4v@ca.gov,Female,MX,Manuel Márquez de León International Airport
177,Nolana,Batchelar,nbatchelar4w@boston.com,Female,AU,Injune Airport
178,Libbie,Fenelon,lfenelon4x@seesaa.net,Non-binary,GR,Eleftherios Venizelos International Airport
179,Remington,Pear,rpear4y@spiegel.de,Male,IR,Sirri Island Airport
180,Lauren,Jobson,ljobson4z@aol.com,Male,US,El Centro NAF Airport (Vraciu Field)
181,Carolynn,Oluwatoyin,coluwatoyin50@redcross.org,Female,PG,Tsewi Airport
182,Gun,Donisthorpe,gdonisthorpe51@bbb.org,Polygender,US,McChord Air Force Base
183,Ari,Durnan,adurnan52@privacy.gov.au,Male,AU,Batavia Downs Airport
184,Kori,Beswell,kbeswell53@rediff.com,Agender,PG,Sabah Airport
185,Nikolas,Gyford,ngyford54@sfgate.com,Male,AU,Andamooka Airport
186,Rockwell,Aluard,raluard55@springer.com,Male,FR,Mende-Brenoux Airfield
187,Marion,McCobb,mmccobb56@livejournal.com,Male,PG,Dumpu Airport
188,Gabriela,Suston,gsuston57@alexa.com,Female,US,Mc Connell Air Force Base
189,Tanhya,Ordidge,tordidge58@weebly.com,Female,CN,Jining Qufu Airport
190,Nicolis,Fortnam,nfortnam59@jalbum.net,Male,MM,Hinthada Airport
191,Kary,Cruttenden,kcruttenden5a@ovh.net,Female,RU,Chokurdakh Airport
192,Mackenzie,Lyte,mlyte5b@bbc.co.uk,Male,CA,Lutselk'e Airport
193,Yehudi,Maso,ymaso5c@discuz.net,Male,ZW,Chipinge Airport
194,Erhart,Gerold,egerold5d@oracle.com,Male,GY,New Amsterdam Airport
195,Koo,Metts,kmetts5e@nbcnews.com,Female,IT,Decimomannu Air Base
196,Isobel,Boultwood,iboultwood5f@discovery.com,Female,PG,Simberi Airport
197,Vernon,Carnachen,vcarnachen5g@goo.ne.jp,Male,US,Matagorda Island Air Force Base
198,Leeann,Patry,lpatry5h@dailymotion.com,Female,PG,Wabo Airport
199,Meghan,Snelgrove,msnelgrove5i@apache.org,Female,AU,Narrandera Airport
200,Levin,Schust,lschust5j@qq.com,Male,BR,Lins Airport
201,Kenton,Paridge,kparidge5k@jimdo.com,Male,DE,Barth Airport
202,Nev,Easterby,neasterby5l@istockphoto.com,Male,TH,Udorn Air Base
203,Ginny,Mardling,gmardling5m@amazon.co.jp,Agender,US,Noatak Airport
204,Osbourn,Montez,omontez5n@networkadvertising.org,Male,BR,Montenegro Airport
205,Hershel,Griffey,hgriffey5o@cbslocal.com,Male,US,Keesler Air Force Base
206,Dag,Chateau,dchateau5p@reference.com,Male,EG,El Arish International Airport
207,Gloria,Wrathmall,gwrathmall5q@hostgator.com,Female,AU,Bellburn Airstrip
208,Nanci,MacKey,nmackey5r@sphinn.com,Female,US,Havre City County Airport
209,Joye,Duffrie,jduffrie5s@dedecms.com,Female,CN,Dongying Shengli Airport
210,Burr,Sapey,bsapey5t@seesaa.net,Male,OM,Masirah Air Base
211,Edee,Charsley,echarsley5u@4shared.com,Female,US,Nunam Iqua Airport
212,Julianna,Oseland,joseland5v@intel.com,Female,MH,Jabot Airport
213,Perri,Embra,pembra5w@cisco.com,Female,US,Nightmute Airport
214,Bailey,Grelka,bgrelka5x@forbes.com,Male,FR,Rennes-Saint-Jacques Airport
215,Muffin,De-Ville,mdeville5y@github.io,Female,US,Pueblo Memorial Airport
216,Sheffy,Lorenzin,slorenzin5z@privacy.gov.au,Male,DE,Husum-Schwesing Airport
217,Vin,Bernardt,vbernardt60@marketwatch.com,Male,DE,Hamburg-Finkenwerder Airport
218,Des,Sharple,dsharple61@sogou.com,Male,HT,Port-de-Paix Airport
219,Aundrea,O'Carmody,aocarmody62@stanford.edu,Female,US,Crooked Creek Airport
220,Jecho,Mickan,jmickan63@irs.gov,Male,US,False Pass Airport
221,Cherilynn,Salway,csalway64@ustream.tv,Agender,GA,Oyem Airport
222,Francesco,Mackstead,fmackstead65@dot.gov,Male,HN,Sulaco Airport
223,Fionna,Pawelek,fpawelek66@goo.ne.jp,Female,US,Niagara Falls International Airport
224,Joseito,Knibbs,jknibbs67@ebay.co.uk,Male,SY,Palmyra Airport
225,Gerhardt,MacCostye,gmaccostye68@1und1.de,Male,CA,Pukatawagan Airport
226,Silvester,Glitherow,sglitherow69@google.ca,Male,AU,Silver Plains Airport
227,Padgett,Gregore,pgregore6a@wiley.com,Male,CD,Tshimpi Airport
228,Horace,Paggitt,hpaggitt6b@npr.org,Male,CA,Smithers Airport
229,Rabbi,Skingle,rskingle6c@spiegel.de,Male,US,Le Mars Municipal Airport
230,Chandal,MacCoveney,cmaccoveney6d@is.gd,Female,MG,Toliara Airport
231,Coriss,Mackerness,cmackerness6e@opera.com,Polygender,AU,Hayman Island Resort Seaplane Base
232,Merrick,Bramhill,mbramhill6f@paginegialle.it,Male,US,Watsonville Municipal Airport
233,Conroy,Bartholomew,cbartholomew6g@nationalgeographic.com,Male,MM,Bokpyinn Airport
234,Baily,Ganford,bganford6h@google.it,Male,SB,Honiara International Airport
235,Candis,Pakes,cpakes6i@google.com,Female,SC,Seychelles International Airport
236,Mufinella,Nutbeam,mnutbeam6j@51.la,Female,TH,Pattaya Airpark
237,Ring,Braams,rbraams6k@smugmug.com,Male,BR,Barcelos Airport
238,Marietta,Custard,mcustard6l@infoseek.co.jp,Male,CN,Guangzhou Baiyun International Airport
239,Siobhan,Raiman,sraiman6m@google.es,Non-binary,SY,Deir ez-Zor Air Base
240,Norman,Breckin,nbreckin6n@cbslocal.com,Male,AU,Collie Airport
241,Silvain,Tasseler,stasseler6o@angelfire.com,Male,US,Smith Reynolds Airport
242,Marwin,Allman,mallman6p@fastcompany.com,Male,CN,Lüliang Airport
243,Teodorico,Shepland,tshepland6q@google.cn,Male,PE,Cadete FAP Guillermo Del Castillo Paredes Airport
244,Ursola,Ashplant,uashplant6r@msn.com,Female,US,Eastern WV Regional Airport/Shepherd Field
245,Damian,Latch,dlatch6s@wiley.com,Male,US,Karl Stefan Memorial Airport
246,Wendie,Abatelli,wabatelli6t@gnu.org,Female,SA,Ta’if Regional Airport
247,Maison,Thys,mthys6u@godaddy.com,Male,MY,Bario Airport
248,Chrissy,Smickle,csmickle6v@usgs.gov,Agender,VE,José Leonardo Chirinos Airport
249,Wilmar,Barhams,wbarhams6w@blogspot.com,Male,PF,Takaroa Airport
250,Tobit,Charville,tcharville6x@princeton.edu,Male,CN,Yinchuan Hedong International Airport
251,Herby,Abramovitz,habramovitz6y@upenn.edu,Male,BZ,Placencia Airport
252,Abrahan,Gavey,agavey6z@illinois.edu,Male,TZ,Lake Manyara Airport
253,Darrel,Gasperi,dgasperi70@e-recht24.de,Male,CA,Bathurst Airport
254,Kirby,Desseine,kdesseine71@edublogs.org,Male,FR,Tarbes-Lourdes-Pyrénées Airport
255,Skippie,McClaren,smcclaren72@clickbank.net,Male,AR,Caleta Olivia Airport
256,Rebekah,Jacques,rjacques73@princeton.edu,Female,OM,Sohar Airport
257,Corbin,Scotson,cscotson74@illinois.edu,Male,NZ,Raglan Airfield
258,Niels,Loyndon,nloyndon75@seattletimes.com,Genderqueer,PY,Fuerte Olimpo Airport
259,Rene,Cudiff,rcudiff76@slideshare.net,Male,SA,Al-Jawf Domestic Airport
260,Jasen,Beauchamp,jbeauchamp77@fastcompany.com,Male,MX,Ixtepec Airport
261,Sharron,Windrass,swindrass78@gnu.org,Female,US,Ware Airport
262,Wendeline,Shapera,wshapera79@google.ca,Female,SE,Sveg Airport
263,Gisella,Molohan,gmolohan7a@usgs.gov,Female,IE,Shannon Airport
264,Ninetta,O'Hone,nohone7b@cnet.com,Genderqueer,LY,Gardabya Airport
265,Bary,Armour,barmour7c@prweb.com,Male,NZ,RNZAF Base Ohakea
266,Brade,Ranking,branking7d@cdc.gov,Male,SK,Sliač Airport
267,Zacharie,Yurukhin,zyurukhin7e@jigsy.com,Male,PH,Ormoc Airport
268,Tallie,Podd,tpodd7f@who.int,Male,DE,Lahr Airport
269,Janina,Yoxen,jyoxen7g@istockphoto.com,Female,AO,Menongue Airport
270,Abrahan,Ion,aion7h@home.pl,Male,US,Jasper County Airport
271,Gwenore,Olivazzi,golivazzi7i@homestead.com,Female,US,Marco Island Executive Airport
272,Chaim,Lidgett,clidgett7j@sogou.com,Male,US,Ohio University Snyder Field
273,Dehlia,Brightwell,dbrightwell7k@tamu.edu,Female,BO,Ascención De Guarayos Airport
274,Marleen,Shipcott,mshipcott7l@ca.gov,Female,DE,Wangerooge Airport
275,Farlee,McKeighen,fmckeighen7m@msn.com,Agender,US,Merrill Field
276,Arluene,O'Brogan,aobrogan7n@latimes.com,Female,AU,Camp Nifty Airport
277,Orv,Scrancher,oscrancher7o@odnoklassniki.ru,Male,BR,Borba Airport
278,Rafaello,Derwin,rderwin7p@constantcontact.com,Male,GE,Sukhumi Dranda Airport
279,Mathilde,Curman,mcurman7q@nyu.edu,Female,US,Seattle Tacoma International Airport
280,Mindy,Woolhouse,mwoolhouse7r@mit.edu,Female,GB,Cotswold Airport
281,Tabb,Face,tface7s@bloglines.com,Male,ID,"Oesman Sadik Airport, Labuha"
282,Arnold,Danilewicz,adanilewicz7t@bravesites.com,Male,GB,Duxford Aerodrome
283,Thibaud,Tatford,ttatford7u@nydailynews.com,Polygender,AU,Einasleigh Airport
284,Tine,Dupree,tdupree7v@netvibes.com,Female,IS,Keflavik International Airport
285,Gabriel,Raund,graund7w@desdev.cn,Female,CA,Opapimiskan Lake Airport
286,Baxter,Dimmack,bdimmack7x@hhs.gov,Male,ID,Arso Airport
287,Giustina,Lindblom,glindblom7y@scribd.com,Female,AU,Croker Island Airport
288,Robena,Alvarado,ralvarado7z@businessinsider.com,Female,BR,Jaboticabal Airport
289,Minta,Tatton,mtatton80@huffingtonpost.com,Female,KZ,Atyrau Airport
290,Regina,Ughelli,rughelli81@surveymonkey.com,Female,US,Allakaket Airport
291,Loren,Cuthbertson,lcuthbertson82@bloglines.com,Female,PY,Fuerte Olimpo Airport
292,Rosco,Clardge,rclardge83@histats.com,Male,OM,Masirah Air Base
293,Marten,Holberry,mholberry84@domainmarket.com,Male,RU,Nalchik Airport
294,Donni,Caffin,dcaffin85@sitemeter.com,Female,PT,Horta Airport
295,Harold,Skain,hskain86@yellowbook.com,Male,US,Menominee Regional Airport
296,Row,Whiffin,rwhiffin87@blogger.com,Female,MA,Moulay Ali Cherif Airport
297,Selia,Hirth,shirth88@barnesandnoble.com,Female,TL,Atauro Airport
298,Dewey,Ansell,dansell89@mysql.com,Male,PG,Nowata Airport
299,Atlanta,Anshell,aanshell8a@wired.com,Genderfluid,TD,Bokoro Airport
300,Zitella,Dashkov,zdashkov8b@hhs.gov,Female,IN,Bhavnagar Airport
301,Merwyn,Bauer,mbauer8c@sciencedirect.com,Male,KE,Lake Rudolf Airport
302,Jolyn,MacTerlagh,jmacterlagh8d@yolasite.com,Polygender,US,Langley Air Force Base
303,Juanita,Skey,jskey8e@dagondesign.com,Female,US,Guthrie-Edmond Regional Airport
304,Waylin,Pavolillo,wpavolillo8f@reverbnation.com,Male,ES,A Coruña Airport
305,Melantha,Devoy,mdevoy8g@cpanel.net,Female,NP,Bajhang Airport
306,Trude,O'Towey,totowey8h@oracle.com,Female,US,Dayton-Wright Brothers Airport
307,Sherwynd,Ephgrave,sephgrave8i@facebook.com,Male,LS,Sekakes Airport
308,Jerrold,O'Lochan,jolochan8j@buzzfeed.com,Male,JP,Misawa Air Base
309,Andrea,Ogelbe,aogelbe8k@ft.com,Agender,CO,Jurado Airport
310,Inger,Luigi,iluigi8l@vistaprint.com,Male,HU,Sármellék International Airport
311,Micheil,Raimbauld,mraimbauld8m@smh.com.au,Male,JM,Negril Airport
312,Shae,Cullagh,scullagh8n@intel.com,Male,IT,Ravenna Airport
313,Justino,Doll,jdoll8o@networksolutions.com,Male,LK,Koggala Airport
314,Antonius,Shakshaft,ashakshaft8p@macromedia.com,Male,MR,Letfotar Airport
315,Darlleen,Speir,dspeir8q@dyndns.org,Female,CA,Whitecourt Airport
316,Minnaminnie,Skippon,mskippon8r@twitpic.com,Female,GQ,President Obiang Nguema International Airport
317,Daveen,Mattiuzzi,dmattiuzzi8s@t.co,Female,US,North Las Vegas Airport
318,Gonzales,Gerrets,ggerrets8t@mozilla.org,Male,PG,Jacquinot Bay Airport
319,Jody,Wilse,jwilse8u@oakley.com,Female,GN,Nzérékoré Airport
320,Gaspar,Domaschke,gdomaschke8v@networksolutions.com,Genderfluid,MX,General Roberto Fierro Villalobos International Airport
321,Kaitlin,Bousquet,kbousquet8w@freewebs.com,Female,MV,Dharavandhoo Airport
322,Ker,Douse,kdouse8x@yandex.ru,Male,CA,Grand Forks Airport
323,Cari,Wilcinskis,cwilcinskis8y@jigsy.com,Female,IS,Norðfjörður Airport
324,Nickie,Budleigh,nbudleigh8z@sun.com,Female,LK,Polgolla Reservoir Seaplane Base
325,Nellie,MacAscaidh,nmacascaidh90@mac.com,Female,GY,New Amsterdam Airport
326,Scotti,Yardley,syardley91@eventbrite.com,Male,AR,Los Menucos Airport
327,Gav,Pooley,gpooley92@seattletimes.com,Male,RU,Komsomolsk-on-Amur Airport
328,Arther,Puddefoot,apuddefoot93@simplemachines.org,Male,MX,Licenciado Gustavo Díaz Ordaz International Airport
329,Bank,Ohrt,bohrt94@barnesandnoble.com,Male,RU,Smolensk North Airport
330,Lenka,Edlyne,ledlyne95@google.com.br,Female,US,Astoria Regional Airport
331,Antoni,Bartkowiak,abartkowiak96@addthis.com,Male,US,Griswold Airport
332,Barthel,Westerman,bwesterman97@si.edu,Male,SO,Beletwene Airport
333,Nan,Dunseath,ndunseath98@epa.gov,Female,NP,Bajhang Airport
334,Priscella,Boynton,pboynton99@stanford.edu,Female,KE,Nairobi Wilson Airport
335,Abie,Stonner,astonner9a@virginia.edu,Male,CN,Changsha Huanghua International Airport
336,Luce,McParlin,lmcparlin9b@imageshack.us,Agender,US,Annette Island Airport
337,Amitie,Jantot,ajantot9c@netlog.com,Non-binary,JP,Hateruma Airport
338,Shell,Balderston,sbalderston9d@shutterfly.com,Male,US,Ellison Onizuka Kona International At Keahole Airport
339,Tam,Gateley,tgateley9e@amazon.co.jp,Male,US,Corpus Christi International Airport
340,Natal,Prendergrast,nprendergrast9f@bravesites.com,Male,DZ,Tindouf Airport
341,Cyndi,Kleeborn,ckleeborn9g@diigo.com,Female,US,Concord Municipal Airport
342,Aldis,Niblock,aniblock9h@google.com.hk,Male,NP,Jiri Airport
343,Kristofor,Sergent,ksergent9i@biblegateway.com,Male,MX,Licenciado Adolfo Lopez Mateos International Airport
344,Audrye,Orans,aorans9j@geocities.jp,Female,ID,Mulia Airport
345,Robinette,Dimnage,rdimnage9k@cpanel.net,Female,ZA,O R Tambo International
346,Carmina,Pagram,cpagram9l@taobao.com,Female,SO,Scusciuban Airport
347,Anatol,Camlin,acamlin9m@freewebs.com,Male,IS,Krókstaðarmelar Airport
348,Lara,Wyldbore,lwyldbore9n@list-manage.com,Female,US,Aurora Municipal Airport
349,Karalee,Sheraton,ksheraton9o@devhub.com,Female,VE,Valle de La Pascua Airport
350,Gardiner,Avrasin,gavrasin9p@ebay.co.uk,Male,IL,Ramon Airport
351,Jacinda,Kleinfeld,jkleinfeld9q@nih.gov,Female,US,Hilton Head Airport
352,Stu,Cundy,scundy9r@washingtonpost.com,Male,SA,King Abdulaziz International Airport
353,Gregoire,Crossby,gcrossby9s@ezinearticles.com,Male,US,Bowling Green Warren County Regional Airport
354,Kahlil,Lestor,klestor9t@i2i.jp,Genderfluid,AU,Moree Airport
355,Liva,Lydden,llydden9u@who.int,Female,US,Clinton Regional Airport
356,Felice,Clynmans,fclynmans9v@biglobe.ne.jp,Female,BR,Gravatai Airport
357,Netti,Sparsholt,nsparsholt9w@typepad.com,Female,BR,Toledo Airport
358,Rozamond,Gianotti,rgianotti9x@homestead.com,Female,TR,Sivas Nuri Demirağ Airport
359,Halsy,Dowyer,hdowyer9y@cam.ac.uk,Male,CA,Opapimiskan Lake Airport
360,Justus,Trolley,jtrolley9z@msn.com,Male,CL,Pichoy Airport
361,Trudey,Merington,tmeringtona0@msu.edu,Bigender,IT,Aosta Airport
362,Carolyn,Linkleter,clinkletera1@symantec.com,Female,GD,Lauriston Airport
363,Loreen,Woodvine,lwoodvinea2@github.com,Non-binary,CN,Zigong Airport
364,Sheelagh,Vial,sviala3@hugedomains.com,Female,CA,Doris Lake
365,Gavra,McClosh,gmcclosha4@amazon.co.jp,Female,US,Montgomery-Gibbs Executive Airport
366,Brady,Benard,bbenarda5@cam.ac.uk,Male,US,Virgil I Grissom Municipal Airport
367,Reuven,Fasson,rfassona6@loc.gov,Male,MX,Ixtepec Airport
368,Kata,Ruddy,kruddya7@storify.com,Female,TN,Tabarka 7 Novembre Airport
369,Thomas,Rodear,trodeara8@a8.net,Male,CM,Nkongsamba Airport
370,Shellysheldon,Shewry,sshewrya9@lycos.com,Male,ID,Wagethe Airport
371,Hildegarde,MacKnocker,hmacknockeraa@yahoo.com,Female,US,Lima Allen County Airport
372,Levon,Hercules,lherculesab@booking.com,Male,US,Nogales International Airport
373,Taylor,Meth,tmethac@dyndns.org,Male,US,Ogdensburg International Airport
374,Katha,Jans,kjansad@comsenz.com,Female,BR,Gurupi Airport
375,Debera,Schiersch,dschierschae@ftc.gov,Female,PG,Kandrian Airport
376,Alec,Hitchens,ahitchensaf@jalbum.net,Male,US,Auburn Lewiston Municipal Airport
377,Cyrill,Raywood,craywoodag@nyu.edu,Male,US,Rentschler Heliport
378,Milo,Diboll,mdibollah@geocities.jp,Male,CU,Sierra Maestra Airport
379,Monika,Lucian,mlucianai@opera.com,Female,MZ,Mueda Airport
380,Guenna,Getcliff,ggetcliffaj@bravesites.com,Female,TR,Çanakkale Airport
381,Brietta,Starsmore,bstarsmoreak@narod.ru,Female,US,Pine Ridge Airport
382,Orren,Gaskall,ogaskallal@nasa.gov,Agender,AU,Blackall Airport
383,Wilfred,Hartfleet,whartfleetam@google.com,Male,CD,Mbuji Mayi Airport
384,Didi,Booij,dbooijan@hibu.com,Female,KZ,Taraz Airport
385,Kimball,Goodbarr,kgoodbarrao@unc.edu,Male,US,Palmdale Regional/USAF Plant 42 Airport
386,Kippy,Sedgemore,ksedgemoreap@illinois.edu,Female,AU,Eva Downs Airport
387,Harriott,Cradick,hcradickaq@yelp.com,Female,US,Naval Outlying Field Imperial Beach (Ream Field)
388,Tracey,Magovern,tmagovernar@yandex.ru,Agender,AR,Ástor Piazzola International Airport
389,Clyve,Greenlies,cgreenliesas@telegraph.co.uk,Male,IN,Khajuraho Airport
390,Teddy,Bravey,tbraveyat@hud.gov,Female,KR,Seosan Air Base
391,Klemens,Heeley,kheeleyau@pcworld.com,Male,CN,Yuncheng Guangong Airport
392,Virgilio,Challin,vchallinav@kickstarter.com,Male,FM,Ulithi Airport
393,Delainey,Wellman,dwellmanaw@cnn.com,Male,US,Gwinnett County Briscoe Field
394,Farah,Jellman,fjellmanax@biblegateway.com,Female,AU,Kimberley Downs Airport
395,Isadora,Thompkins,ithompkinsay@indiatimes.com,Female,IN,Vishakhapatnam Airport
396,Jeromy,Knowlden,jknowldenaz@census.gov,Male,US,West Memphis Municipal Airport
397,Clemente,Noli,cnolib0@cdbaby.com,Male,GY,Karasabai Airport
398,Jocko,Bister,jbisterb1@uiuc.edu,Male,AU,Nambucca Heads Airport
399,Alex,Timmermann,atimmermannb2@icio.us,Female,PG,Sehulea Airport
400,Flynn,Kinsey,fkinseyb3@vk.com,Male,IL,Ramon Airport
401,Alli,Rulf,arulfb4@yandex.ru,Polygender,AU,Mallacoota Airport
402,Andrej,Shank,ashankb5@goo.gl,Male,AU,Southport Airport
403,Orlan,McShirie,omcshirieb6@nba.com,Male,US,McKinley National Park Airport
404,Sandro,Kleszinski,skleszinskib7@auda.org.au,Male,CA,Donaldson Airport
405,Karol,Caps,kcapsb8@mlb.com,Female,MZ,Bazaruto Island Airport
406,Jayme,Whyborne,jwhyborneb9@yahoo.co.jp,Male,MY,Marudi Airport
407,Gibby,Sisselot,gsisselotba@nsw.gov.au,Male,AU,Condobolin Airport
408,Maurise,Paulisch,mpaulischbb@berkeley.edu,Female,TW,Hualien Airport
409,Karla,Picopp,kpicoppbc@mac.com,Female,US,Reese Airpark
410,Hersch,Brunicke,hbrunickebd@people.com.cn,Male,PG,Wewak International Airport
411,Crystal,Cleminson,ccleminsonbe@symantec.com,Female,US,Greenbrier Valley Airport
412,Kennedy,Targetter,ktargetterbf@salon.com,Genderfluid,SG,Seletar Airport
413,Ripley,Parley,rparleybg@blog.com,Male,TH,Chumphon Airport
414,Dalli,Sultan,dsultanbh@europa.eu,Male,PF,Ahe Airport
415,Stanislaus,Parkeson,sparkesonbi@4shared.com,Male,GL,Narsarsuaq Airport
416,Jennette,Olney,jolneybj@mac.com,Female,AO,N'zeto Airport
417,Quill,Bignall,qbignallbk@hexun.com,Male,GA,Mekambo Airport
418,Roley,O'Corrigane,rocorriganebl@zdnet.com,Male,ZW,Bumi Airport
419,Viola,Dissman,vdissmanbm@indiatimes.com,Female,AU,Monto Airport
420,Marcello,Grewe,mgrewebn@amazon.com,Male,JP,Misawa Air Base
421,Guthry,Greenstead,ggreensteadbo@ifeng.com,Male,NO,Bodø Airport
422,Rudy,Lilley,rlilleybp@google.nl,Male,PG,Itokama Airport
423,Jesse,Brotherhood,jbrotherhoodbq@nbcnews.com,Female,BR,Fazenda São Francisco do Itaquerê Airport
424,Lolita,Gossart,lgossartbr@rakuten.co.jp,Female,US,Holy Cross Airport
425,Maximilian,Algate,malgatebs@parallels.com,Male,EG,Abu Rudeis Airport
426,Kai,Brobyn,kbrobynbt@shutterfly.com,Female,US,Gray Army Air Field
427,Becky,Hilliam,bhilliambu@ow.ly,Female,US,Tradewind Airport
428,Ki,Moncaster,kmoncasterbv@ted.com,Female,US,Witham Field
429,Killy,Call,kcallbw@vkontakte.ru,Male,ES,Lanzarote Airport
430,Melonie,Bramo,mbramobx@ed.gov,Female,CA,Hay River / Merlyn Carter Airport
431,Rodney,Sandars,rsandarsby@ameblo.jp,Male,AR,Villa Dolores Airport
432,Mal,Reinert,mreinertbz@ow.ly,Male,SO,Galcaio Airport
433,Feodor,Fountian,ffountianc0@ox.ac.uk,Male,IT,San Domino Island Heliport
434,Portie,Coslitt,pcoslittc1@is.gd,Agender,AU,Mount Hotham Airport
435,Bab,McIlhatton,bmcilhattonc2@sohu.com,Female,RU,Voronezh International Airport
436,Manuel,Vince,mvincec3@purevolume.com,Male,RU,Ignatyevo Airport
437,Arlana,Genery,ageneryc4@imgur.com,Female,GB,Campbeltown Airport
438,Florella,Beckerleg,fbeckerlegc5@csmonitor.com,Female,DZ,El Golea Airport
439,Aloisia,Nairy,anairyc6@lulu.com,Female,US,Jaffrey Airport Silver Ranch Airport
440,Rourke,Bloy,rbloyc7@vkontakte.ru,Male,RU,Tunoshna Airport
441,Elianore,O'Shiel,eoshielc8@123-reg.co.uk,Female,CA,Ottawa / Gatineau Airport
442,Suzy,Caldecot,scaldecotc9@etsy.com,Female,HN,Utila Airport
443,Ignaz,Cato,icatoca@pen.io,Male,MP,Tinian International Airport
444,Myra,Chessor,mchessorcb@bloomberg.com,Genderqueer,PG,Tufi Airport
445,Beau,Bethune,bbethunecc@bravesites.com,Male,US,Hog River Airport
446,Udell,Brunner,ubrunnercd@samsung.com,Male,TO,Kuini Lavenia Airport
447,Talya,Spurgeon,tspurgeonce@thetimes.co.uk,Female,VC,Argyle International Airport
448,Marcellus,Guilliatt,mguilliattcf@yellowbook.com,Male,AU,Ayers Rock Connellan Airport
449,Hilario,Androsik,handrosikcg@4shared.com,Male,CA,North of Sixty Airport
450,Emelia,Woolmore,ewoolmorech@nationalgeographic.com,Genderfluid,US,El Centro NAF Airport (Vraciu Field)
451,Bailey,Gerson,bgersonci@sourceforge.net,Male,PG,Dios Airport
452,Mannie,Knapton,mknaptoncj@sbwire.com,Male,CA,Sable Island Landing Strip
453,Arthur,Panketh,apankethck@upenn.edu,Male,CD,Kotakoli Airport
454,Minni,Villar,mvillarcl@yahoo.com,Female,CA,Sept-Îles Airport
455,Maridel,Rogan,mrogancm@51.la,Female,US,Jamestown Regional Airport
456,Bernete,Windous,bwindouscn@mozilla.com,Bigender,AU,Roma Airport
457,Justen,Petrenko,jpetrenkoco@list-manage.com,Male,US,Nikolai Airport
458,Kristofer,Wathell,kwathellcp@rambler.ru,Male,IL,Ramon Air Base
459,Corny,Shutte,cshuttecq@nih.gov,Male,DK,Læsø Airport
460,Keelby,Dondon,kdondoncr@ox.ac.uk,Male,KR,Taean Airport
461,Fayre,McGarrell,fmcgarrellcs@parallels.com,Agender,RU,Taganrog Yuzhny Airport
462,Ardeen,Drewson,adrewsonct@pagesperso-orange.fr,Female,JP,Kitadaito Airport
463,Irina,Orwin,iorwincu@census.gov,Non-binary,US,Del Rio International Airport
464,Miran,O'Moylan,momoylancv@va.gov,Female,UA,Simferopol International Airport
465,Lucy,Rosetti,lrosetticw@csmonitor.com,Female,VN,Dien Bien Phu Airport
466,Thornton,Fairney,tfairneycx@opensource.org,Male,US,Manassas Regional Airport/Harry P. Davis Field
467,Daisie,Cuttings,dcuttingscy@time.com,Female,CO,Plato Airport
468,Julina,Neissen,jneissencz@dailymotion.com,Female,PH,Danilo Atienza Air Base
469,Tracey,Riediger,triedigerd0@howstuffworks.com,Female,US,Everett-Stewart Regional Airport
470,Donna,Ivett,divettd1@sakura.ne.jp,Female,MG,Mananjary Airport
471,Roselin,Laneham,rlanehamd2@craigslist.org,Female,ET,Asosa Airport
472,Jeannine,MacAnelley,jmacanelleyd3@opensource.org,Female,AR,Corrientes Airport
473,Rogers,De Meis,rdemeisd4@exblog.jp,Male,US,Hattiesburg Laurel Regional Airport
474,Avrit,Maes,amaesd5@ask.com,Female,US,Baudette International Airport
475,Rowena,Purdon,rpurdond6@vinaora.com,Female,PG,Wewak International Airport
476,Eula,Haxbie,ehaxbied7@forbes.com,Female,US,Wilkes Barre Scranton International Airport
477,Kareem,Schrinel,kschrineld8@soup.io,Male,CA,Cowley Airport
478,Skelly,Sneaker,ssneakerd9@typepad.com,Male,US,Missoula International Airport
479,Ester,Bewick,ebewickda@redcross.org,Female,US,Chippewa County International Airport
480,Jeno,Jarrett,jjarrettdb@facebook.com,Bigender,GR,Sitia Airport
481,Ransell,Wyson,rwysondc@aboutads.info,Bigender,ES,Castellón-Costa Azahar Airport
482,Delcina,Alfonzo,dalfonzodd@hexun.com,Female,US,Conroe-North Houston Regional Airport
483,Marcelline,MacCumiskey,mmaccumiskeyde@symantec.com,Female,US,Jim Hamilton L.B. Owens Airport
484,Miguel,Schermick,mschermickdf@squidoo.com,Male,SE,Arvidsjaur Airport
485,Ida,Berthot,iberthotdg@com.com,Female,PG,Imane Airport
486,Dominick,Champniss,dchampnissdh@fc2.com,Male,ID,Tambolaka Airport
487,Jacintha,Crompton,jcromptondi@ow.ly,Female,KE,Nakuru Airport
488,Park,Camilletti,pcamillettidj@51.la,Male,GT,Huehuetenango Airport
489,Clarinda,Pudsey,cpudseydk@abc.net.au,Female,AR,Santa Rosa Airport
490,Cindra,Haysham,chayshamdl@java.com,Female,US,Condron Army Air Field
491,Rolfe,Sussams,rsussamsdm@state.tx.us,Male,MM,Sittwe Airport
492,Karina,Perrott,kperrottdn@vinaora.com,Agender,GB,RAF West Malling
493,Mirabelle,Arbor,marbordo@ebay.co.uk,Female,IQ,Qayyarah West Airport
494,Charley,Harnell,charnelldp@naver.com,Non-binary,BR,Marechal Rondon Airport
495,Vincents,Hymans,vhymansdq@house.gov,Male,SO,Candala Airport
496,Denna,Ullyatt,dullyattdr@amazon.co.uk,Female,US,Tikchik Lodge Seaplane Base
497,Dorelle,Yeaman,dyeamands@apache.org,Female,US,Southwest Washington Regional Airport
498,Monica,Startin,mstartindt@hc360.com,Female,ET,Mui River Airport
499,Cris,Stait,cstaitdu@histats.com,Male,BR,Governador Aluízio Alves International Airport
500,Mae,McKeady,mmckeadydv@ca.gov,Female,FI,Enontekio Airport
501,Dirk,Aksell,dakselldw@csmonitor.com,Male,EG,Abu Rudeis Airport
502,Dugald,Levicount,dlevicountdx@rakuten.co.jp,Male,US,Waikoloa Heliport
503,Melessa,Sandlin,msandlindy@europa.eu,Genderqueer,AU,Echuca Airport
504,Edmon,Corran,ecorrandz@shareasale.com,Male,TC,Pine Cay Airport
505,Winifred,Quinton,wquintone0@issuu.com,Female,US,Sampson County Airport
506,Carmela,Lorenc,clorence1@businessweek.com,Female,TH,Kamphaeng Saen Airport
507,Thalia,Stinchcombe,tstinchcombee2@infoseek.co.jp,Female,US,Unalakleet Airport
508,Ripley,Harty,rhartye3@1und1.de,Male,AU,Port Hedland International Airport
509,Lenka,Grooby,lgroobye4@ameblo.jp,Female,BR,Soledade Airport
510,Ralf,Jerzykiewicz,rjerzykiewicze5@virginia.edu,Male,CI,San Pedro Airport
511,Raeann,Copping,rcoppinge6@census.gov,Female,RU,Urengoy Airport
512,Hurleigh,Skinner,hskinnere7@latimes.com,Male,US,Winnemucca Municipal Airport
513,Shaylynn,Conklin,sconkline8@blinklist.com,Female,US,Ft Devens Moore Army Air Field
514,Nataniel,Dolman,ndolmane9@wikimedia.org,Male,AU,Truscott-Mungalalu Airport
515,Byron,Pinfold,bpinfoldea@imageshack.us,Male,IN,Kadapa Airport
516,Wanda,Jacobssen,wjacobsseneb@usatoday.com,Female,DZ,Sidi Bel Abbes Airport
517,Shelia,Molan,smolanec@google.com,Female,US,Pine Ridge Airport
518,Pearla,Scritch,pscritched@fotki.com,Female,TH,Narathiwat Airport
519,Niven,Bettington,nbettingtonee@indiatimes.com,Male,GT,San José Airport
520,Suzi,McSherry,smcsherryef@angelfire.com,Female,US,Green River Municipal Airport
521,Thorndike,Lewisham,tlewishameg@nature.com,Male,PS,Gush Katif Airport
522,Beck,Costy,bcostyeh@wikia.com,Male,BR,Carlos Ruhl Airport
523,Grady,McIlmorow,gmcilmorowei@surveymonkey.com,Male,RW,Kigali International Airport
524,Moreen,Bearns,mbearnsej@icio.us,Female,AF,Shank Air Base
525,Davon,Sommerscales,dsommerscalesek@google.it,Male,US,Mount Pleasant Airport
526,Joannes,Tremolieres,jtremolieresel@issuu.com,Female,US,Mc Alester Regional Airport
527,Alexandro,Saywood,asaywoodem@europa.eu,Male,MA,Moulay Ali Cherif Airport
528,Del,Babbs,dbabbsen@behance.net,Female,JP,Mt. Fuji Shizuoka Airport
529,Eran,Harcourt,eharcourteo@nifty.com,Female,CA,Vernon Airport
530,Upton,Kerkham,ukerkhamep@bing.com,Agender,DZ,Rabah Bitat Airport
531,Evelyn,Brewis,ebrewiseq@nature.com,Female,CO,Trinidad Airport
532,Winn,Huckstepp,whuckstepper@wunderground.com,Non-binary,NZ,Mechanics Bay Heliport
533,Cindy,Stephens,cstephenses@dailymotion.com,Female,AU,Elrose Airport
534,Kent,Harle,kharleet@4shared.com,Male,JP,Okayama Airport
535,Gerty,Inston,ginstoneu@tuttocitta.it,Female,PG,Wau Airport
536,Dion,McGennis,dmcgennisev@independent.co.uk,Male,US,Linden Airport
537,Janeczka,Shemwell,jshemwellew@go.com,Female,CA,Greenway Sound Seaplane Base
538,Pearce,Briddle,pbriddleex@shinystat.com,Male,BS,Andros Town Airport
539,Peter,Stampfer,pstampferey@bbc.co.uk,Male,AR,Aviador C. Campos Airport
540,Caesar,Faughny,cfaughnyez@discuz.net,Male,LY,Martubah Airport
541,Nydia,Kensington,nkensingtonf0@pagesperso-orange.fr,Female,ES,Teruel Airport
542,Fifine,Gooderson,fgoodersonf1@nasa.gov,Female,US,Jack Northrop Field Hawthorne Municipal Airport
543,Bobbette,Mashal,bmashalf2@photobucket.com,Female,AR,Martin Miguel De Guemes International Airport
544,Geoffrey,Emanuele,gemanuelef3@who.int,Male,PG,Bomai Airport
545,Leonardo,Muselli,lmusellif4@360.cn,Male,IS,Ísafjörður Airport
546,Hobard,McNicol,hmcnicolf5@trellian.com,Male,MZ,Lumbo Airport
547,Randall,Dengate,rdengatef6@cocolog-nifty.com,Male,US,Dayton-Wright Brothers Airport
548,Mary,De Michetti,mdemichettif7@ft.com,Female,BR,Prefeito Doutor João Silva Filho Airport
549,Carmelia,Melton,cmeltonf8@rambler.ru,Female,US,Panguitch Municipal Airport
550,Barbara-anne,Klulisek,bklulisekf9@google.de,Female,GL,Aasiaat Airport
551,Phyllida,Denekamp,pdenekampfa@about.com,Female,ID,Namlea Airport
552,Aubrey,Cowp,acowpfb@1und1.de,Female,LS,Lesobeng Airport
553,Carmina,Escalera,cescalerafc@tumblr.com,Bigender,US,Rochester International Airport
554,Yvette,Clother,yclotherfd@biglobe.ne.jp,Female,US,Lumberton Regional Airport
555,Donella,Fatharly,dfatharlyfe@google.cn,Female,JP,Kagoshima Airport
556,Sibbie,Hoys,shoysff@1und1.de,Female,VE,Santa Bárbara de Barinas Airport
557,Nolan,Brosenius,nbroseniusfg@over-blog.com,Male,RU,Spichenkovo Airport
558,Celeste,Paschke,cpaschkefh@squidoo.com,Female,LK,Hambantota Seaplane Base
559,Peter,Acome,pacomefi@hc360.com,Male,RU,Ust-Tsylma Airport
560,Giacobo,Fuentez,gfuentezfj@opera.com,Male,IQ,Mosul International Airport
561,Harmonia,Rosberg,hrosbergfk@simplemachines.org,Female,AR,Presidente Peron Airport
562,Staford,Griswood,sgriswoodfl@shinystat.com,Male,ZA,Khoka Moya Airport
563,Inness,Ronald,ironaldfm@sciencedaily.com,Male,PG,Tari Airport
564,Alameda,Leadley,aleadleyfn@hc360.com,Female,US,Sugar Land Regional Airport
565,Marin,Poure,mpourefo@networksolutions.com,Female,IN,Kanpur Airport
566,Xavier,Speed,xspeedfp@ezinearticles.com,Male,ES,Salamanca Airport
567,Janie,Josowitz,jjosowitzfq@epa.gov,Female,PG,Aiyura Airport
568,Tristan,Castelli,tcastellifr@nifty.com,Male,PH,El Nido Airport
569,Alwyn,Strattan,astrattanfs@techcrunch.com,Male,AU,Warracknabeal Airport
570,Simone,Morilla,smorillaft@infoseek.co.jp,Female,BR,Campo Mourão Airport
571,Barrett,Heimann,bheimannfu@nasa.gov,Bigender,US,Fairmont Municipal Airport
572,Randee,Spire,rspirefv@lycos.com,Female,ID,Ewer Airport
573,Rebekkah,Flatley,rflatleyfw@reference.com,Polygender,AU,Silver Plains Airport
574,Hillery,Dewick,hdewickfx@unesco.org,Male,CO,Jorge E. Gonzalez Torres Airport
575,Denney,Mulvey,dmulveyfy@imdb.com,Male,CA,Fort Frances Municipal Airport
576,Olivette,Snaith,osnaithfz@toplist.cz,Female,MM,Mandalay International Airport
577,Wolfgang,Caulcutt,wcaulcuttg0@about.com,Male,CL,Cabo 1° Juan Román Airport
578,Northrup,Pecht,npechtg1@parallels.com,Male,RU,Cheboksary Airport
579,Stephi,Musslewhite,smusslewhiteg2@t.co,Female,US,Watertown International Airport
580,Gilbertina,Cash,gcashg3@amazon.co.jp,Female,ID,Nabire Airport
581,Starlene,Ketteringham,sketteringhamg4@patch.com,Female,MX,General José María Yáñez International Airport
582,Teresita,Carff,tcarffg5@storify.com,Female,NA,Oranjemund Airport
583,Tamarah,Plain,tplaing6@spotify.com,Female,PE,San Juan Aposento Airport
584,Jackie,Timny,jtimnyg7@people.com.cn,Male,US,Augusta State Airport
585,Clayborn,Boor,cboorg8@wufoo.com,Male,CN,Hengyang Nanyue Airport
586,Ardisj,Klousner,aklousnerg9@slate.com,Female,US,Naval Outlying Field Barin
587,Darla,Bartos,dbartosga@cnn.com,Female,US,Fort Bragg Airport
588,Parnell,Izachik,pizachikgb@fc2.com,Male,IN,Kandla Airport
589,Redford,Crouch,rcrouchgc@springer.com,Genderqueer,TD,Melfi Airport
590,Marti,Heffy,mheffygd@indiegogo.com,Female,NI,Waspam Airport
591,Stevie,Gribbell,sgribbellge@globo.com,Male,CF,Bouar Airport
592,Tymothy,Scrane,tscranegf@usgs.gov,Polygender,PG,Porgera Airport
593,Rivy,Wanstall,rwanstallgg@samsung.com,Female,JP,Nagoya Airport
594,Grissel,Cockren,gcockrengh@cbc.ca,Female,US,Perry Lefors Field
595,Lezley,Linnard,llinnardgi@opensource.org,Male,ID,Tunggul Wulung Airport
596,Nadeen,Gopsill,ngopsillgj@ezinearticles.com,Female,PG,Mount Aue Airport
597,Paxon,Ready,preadygk@nhs.uk,Male,TH,Trat Airport
598,Rozina,Kinastan,rkinastangl@privacy.gov.au,Female,ZM,Chipata Airport
599,Julieta,Eagle,jeaglegm@fotki.com,Female,CA,Hartley Bay Seaplane Base
600,Irv,Beynkn,ibeynkngn@quantcast.com,Male,US,Sharpe AAF
601,Bobbie,Trowler,btrowlergo@moonfruit.com,Male,UZ,Bukhara Airport
602,Damon,Guiot,dguiotgp@tinyurl.com,Male,PH,Loakan Airport
603,Georgianne,Kidsley,gkidsleygq@comsenz.com,Female,US,Stevens Point Municipal Airport
604,Bonny,Genese,bgenesegr@issuu.com,Female,MD,Bălți International Airport
605,Dorrie,Danet,ddanetgs@zimbio.com,Female,US,Waikoloa Heliport
606,Rafaello,Attoc,rattocgt@blogger.com,Male,FI,Enontekio Airport
607,Dahlia,Simounet,dsimounetgu@slate.com,Female,JP,Kōchi Ryōma Airport
608,Stephanie,Tucsell,stucsellgv@umn.edu,Female,CO,Herrera Airport
609,Dicky,Midgely,dmidgelygw@about.me,Male,KH,Kaoh Kong Airport
610,Selby,Kernaghan,skernaghangx@parallels.com,Male,US,Roseau Municipal Rudy Billberg Field
611,Catlin,Ochterlony,cochterlonygy@goo.ne.jp,Female,MH,Jabot Airport
612,Marabel,Ruane,mruanegz@nba.com,Agender,BF,Diapaga Airport
613,Wernher,Dibbe,wdibbeh0@odnoklassniki.ru,Male,US,Corvallis Municipal Airport
614,Tam,Beddingham,tbeddinghamh1@discovery.com,Genderfluid,US,Clinton Regional Airport
615,Inez,Eric,ierich2@pcworld.com,Female,VE,Guanare Airport
616,Arnoldo,Ivkovic,aivkovich3@economist.com,Male,NI,Siuna
617,Hoebart,Dellow,hdellowh4@trellian.com,Male,FR,Landivisiau Air Base
618,Vin,St Louis,vstlouish5@freewebs.com,Male,EC,Sucua Airport
619,Cecilla,Slocum,cslocumh6@php.net,Female,ID,Nanga Pinoh Airport
620,Helen-elizabeth,Spiaggia,hspiaggiah7@europa.eu,Female,US,Waldronaire Airport
621,Terra,Codron,tcodronh8@cornell.edu,Female,GB,London Luton Airport
622,Malia,Thaine,mthaineh9@nasa.gov,Female,CA,La Macaza / Mont-Tremblant International Inc Airport
623,Robert,Proctor,rproctorha@yale.edu,Male,MV,Dhaalu Atoll Airport
624,Tate,Beadham,tbeadhamhb@forbes.com,Female,LV,Ventspils International Airport
625,Falkner,Comusso,fcomussohc@mail.ru,Male,TW,Chi Mei Airport
626,Olin,Woolerton,owoolertonhd@nps.gov,Male,BR,Nova Vida Airport
627,Cristie,Tithacott,ctithacotthe@edublogs.org,Female,AU,Daly River Airport
628,Abbie,Redan,aredanhf@fotki.com,Genderfluid,CA,Rigolet Airport
629,Noe,Saer,nsaerhg@nyu.edu,Male,PK,Mushaf Air Base
630,Ethel,Guarin,eguarinhh@shutterfly.com,Female,PG,Garuahi Airport
631,Hugh,Delucia,hdeluciahi@a8.net,Male,US,City of Colorado Springs Municipal Airport
632,Caddric,Olcot,colcothj@artisteer.com,Male,AF,Maimana Airport
633,Renee,Rillstone,rrillstonehk@opensource.org,Female,CA,Burns Lake Airport
634,Evin,Berre,eberrehl@ow.ly,Male,RU,Maygatka Airport.
635,Bessy,Gethen,bgethenhm@feedburner.com,Female,JP,Iwakuni Marine Corps Air Station
636,Garvy,MacNeilly,gmacneillyhn@jigsy.com,Male,MG,Mahanoro Airport
637,Thibaut,Keith,tkeithho@msn.com,Male,PG,Hayfields Airport
638,Debera,Corbin,dcorbinhp@moonfruit.com,Female,CA,Fort Resolution Airport
639,Dionis,Niessen,dniessenhq@geocities.jp,Female,US,Akiak Airport
640,Winne,Wigley,wwigleyhr@bing.com,Female,UY,Tydeo Larre Borges Airport
641,Teressa,Kilgallon,tkilgallonhs@yelp.com,Female,AO,Luau Airport
642,Inga,Gabala,igabalaht@usda.gov,Female,NP,Dolpa Airport
643,Nomi,Ablott,nablotthu@indiegogo.com,Female,PG,Dodoima Airport
644,Carmela,Breddy,cbreddyhv@netlog.com,Female,ID,Kepi Airport
645,Agathe,Life,alifehw@ucoz.ru,Female,EE,Lennart Meri Tallinn Airport
646,Ole,Cater,ocaterhx@google.com.br,Male,CG,Pointe Noire Airport
647,Udall,De Bruyn,udebruynhy@deliciousdays.com,Male,AU,Katanning Airport
648,Arlinda,Langstrath,alangstrathhz@spiegel.de,Female,US,Tunica Municipal Airport
649,Letitia,Orme,lormei0@merriam-webster.com,Female,IL,Ben Ya'akov Airport
650,Auberon,Cubuzzi,acubuzzii1@sohu.com,Male,GB,Robin Hood Doncaster Sheffield Airport
651,Jemmie,Smurthwaite,jsmurthwaitei2@howstuffworks.com,Female,DE,Friedrichshafen Airport
652,Kev,Hatterslay,khatterslayi3@desdev.cn,Male,GA,Booue Airport
653,North,Neumann,nneumanni4@simplemachines.org,Male,VU,Ipota Airport
654,Ericka,Petrashov,epetrashovi5@nba.com,Female,AU,Noonkanbah Airport
655,Morry,Gaukroger,mgaukrogeri6@sakura.ne.jp,Male,PG,Manga Airport
656,Jazmin,Lickess,jlickessi7@creativecommons.org,Female,CO,Gustavo Rojas Pinilla International Airport
657,Shay,Haughian,shaughiani8@theguardian.com,Male,US,Chanute Martin Johnson Airport
658,Hall,Sebyer,hsebyeri9@plala.or.jp,Male,TN,Tabarka 7 Novembre Airport
659,Glenine,Youdell,gyoudellia@google.com.hk,Female,MV,Thimarafushi Airport
660,Garreth,Dewar,gdewarib@narod.ru,Male,CL,Gamboa Airport
661,Bari,Fegan,bfeganic@va.gov,Female,TD,Moundou Airport
662,Jermaine,Kimble,jkimbleid@gravatar.com,Male,US,Inyokern Airport
663,Rabi,Roberts,rrobertsie@ibm.com,Male,NG,Akure Airport
664,Katherine,Gebb,kgebbif@yellowpages.com,Female,CO,Puerto Berrio Airport
665,Mordy,Tatters,mtattersig@columbia.edu,Male,RU,Olenyok Airport
666,Sascha,Wallbrook,swallbrookih@utexas.edu,Male,US,John Murtha Johnstown Cambria County Airport
667,Thacher,Girardeau,tgirardeauii@upenn.edu,Male,US,Stebbins Airport
668,Aluin,Piken,apikenij@webeden.co.uk,Male,US,Tusi AHP (Hunter Liggett) Heliport
669,Jacintha,Sweedy,jsweedyik@barnesandnoble.com,Female,GB,Wycombe Air Park
670,Heloise,Bollands,hbollandsil@merriam-webster.com,Female,US,Sitkinak Airport
671,Ezechiel,Wakerley,ewakerleyim@webmd.com,Male,SB,Choiseul Bay Airport
672,Germain,Getten,ggettenin@dagondesign.com,Male,US,Coalinga Airport
673,Andrea,Huston,ahustonio@patch.com,Female,SD,Heglig Airport
674,Keith,Belderfield,kbelderfieldip@prweb.com,Male,BR,São Miguel do Oeste Airport
675,Mariska,Lober,mloberiq@phpbb.com,Female,US,Blythe Airport
676,Gay,Maffy,gmaffyir@mac.com,Female,US,Evansville Regional Airport
677,Francklyn,Swindin,fswindinis@acquirethisname.com,Male,AR,Termas de Río Hondo international Airport
678,Ewart,Brodhead,ebrodheadit@blogspot.com,Male,US,Marfa Municipal Airport
679,Boone,Andreoletti,bandreolettiiu@discovery.com,Male,GT,El Petén Airport
680,Regan,Crowthe,rcrowtheiv@blogger.com,Male,RU,Yoshkar-Ola Airport
681,Leilah,Palia,lpaliaiw@arizona.edu,Female,US,Cannon Air Force Base
682,Madalena,Dulake,mdulakeix@exblog.jp,Female,AU,Clermont Airport
683,Andres,Blouet,ablouetiy@google.it,Male,CA,Sechelt-Gibsons Airport
684,Leoine,Kernan,lkernaniz@wsj.com,Female,US,Malmstrom Air Force Base
685,Helen,Clapison,hclapisonj0@omniture.com,Female,US,Monroe County Aeroplex Airport
686,Chalmers,Nelthorpe,cnelthorpej1@linkedin.com,Male,GH,Kotoka International Airport
687,Hunfredo,Lyon,hlyonj2@usda.gov,Male,US,Coffman Cove Seaplane Base
688,Zacharia,Boobier,zboobierj3@google.fr,Male,US,Martha's Vineyard Airport
689,Kennith,Balaizot,kbalaizotj4@themeforest.net,Male,AU,Devonport Airport
690,Marcellina,Grinter,mgrinterj5@mac.com,Female,CD,Goma International Airport
691,Melita,Tenpenny,mtenpennyj6@list-manage.com,Female,AU,Townsville Airport
692,Norman,Raulin,nraulinj7@wikispaces.com,Male,ZA,Ellisras Matimba Airport
693,Wendell,Rilings,wrilingsj8@so-net.ne.jp,Male,QA,Hamad International Airport
694,Berne,Odo,bodoj9@reverbnation.com,Male,CA,Lyall Harbour Seaplane Base
695,Mateo,Liddicoat,mliddicoatja@washington.edu,Male,BR,Pinto Martins International Airport
696,Cari,Huck,chuckjb@live.com,Female,US,Ugnu-Kuparuk Airport
697,Jordain,Challenger,jchallengerjc@twitpic.com,Female,TW,Chi Mei Airport
698,Gerianne,Gallemore,ggallemorejd@odnoklassniki.ru,Genderfluid,US,Fergus Falls Municipal Airport - Einar Mickelson Field
699,Alfy,Redfern,aredfernje@angelfire.com,Male,AU,Walgett Airport
700,Lynett,Christy,lchristyjf@ehow.com,Female,VE,Guiria Airport
701,Colly,Slessor,cslessorjg@who.int,Female,US,Point Baker Seaplane Base
702,Pauly,Siebart,psiebartjh@google.es,Male,IR,Fasa Airport
703,Boris,Scardifeild,bscardifeildji@walmart.com,Male,US,Barnwell Regional Airport
704,Oates,Kobel,okobeljj@auda.org.au,Male,CR,Quepos Managua Airport
705,Kerby,Swaton,kswatonjk@google.fr,Male,US,Asbury Park Neptune Air Terminal
706,Emmi,Kasper,ekasperjl@oaic.gov.au,Female,RU,Ivanovo South Airport
707,Harlie,Bricket,hbricketjm@tumblr.com,Female,CN,Kunming Changshui International Airport
708,Towny,Hauxley,thauxleyjn@topsy.com,Male,LK,Ampara Airport
709,Carmella,Corbally,ccorballyjo@parallels.com,Female,US,Safford Regional Airport
710,Kimberlee,Vallens,kvallensjp@ning.com,Female,ZA,O R Tambo International
711,Brena,Croshaw,bcroshawjq@blog.com,Female,CO,Barranca De Upia Airport
712,Ginnie,Fairhead,gfairheadjr@vinaora.com,Female,US,Dupage Airport
713,Tyrone,Purchon,tpurchonjs@marriott.com,Male,AU,Augustus Downs Airport
714,Hetti,MacGuffog,hmacguffogjt@webs.com,Female,SS,Wau Airport
715,Kalila,Ricker,krickerju@biblegateway.com,Polygender,GL,Qaanaaq Airport
716,Jessica,Troughton,jtroughtonjv@dedecms.com,Female,CF,N'Délé Airport
717,Hartwell,Geekie,hgeekiejw@webeden.co.uk,Male,US,Nikolski Air Station
718,Cassey,Elman,celmanjx@slate.com,Genderfluid,US,Toccoa Airport - R.G. Letourneau Field
719,Harmonie,Brawley,hbrawleyjy@psu.edu,Female,US,Franklin Municipal-John Beverly Rose Airport
720,Edna,Warrillow,ewarrillowjz@miibeian.gov.cn,Genderfluid,VE,Carora Airport
721,Shandee,Firebrace,sfirebracek0@tripod.com,Female,PK,Shahbaz Air Base
722,Abel,Egiloff,aegiloffk1@comsenz.com,Male,US,Morgantown Municipal Walter L. Bill Hart Field
723,Deni,Bourthouloume,dbourthouloumek2@elpais.com,Female,PG,Mindik Airport
724,Dion,Klimsch,dklimschk3@mapquest.com,Male,AU,Minnipa Airport
725,Hernando,Knoles,hknolesk4@icq.com,Male,US,Kalakaket Creek AS Airport
726,Othello,Cronin,ocronink5@yahoo.co.jp,Male,AU,Palm Island Airport
727,Nada,Notti,nnottik6@hubpages.com,Female,US,Peter O Knight Airport
728,Templeton,Deeman,tdeemank7@trellian.com,Male,US,Wilmington International Airport
729,Diane,Rush,drushk8@diigo.com,Female,US,Westchester County Airport
730,Glenna,Sconce,gsconcek9@senate.gov,Female,US,Sher-Wood Airport
731,Denise,Corkan,dcorkanka@diigo.com,Genderqueer,NP,Nepalgunj Airport
732,Electra,McGrayle,emcgraylekb@wunderground.com,Non-binary,US,Kerrville Municipal Louis Schreiner Field
733,Cassaundra,Bazylets,cbazyletskc@wiley.com,Female,SO,Bardera Airport
734,Ivan,Dict,idictkd@discovery.com,Male,AU,Melbourne Moorabbin Airport
735,Ludovika,Devitt,ldevittke@scribd.com,Female,ID,Dewadaru Airport
736,Nada,Kienle,nkienlekf@wp.com,Female,US,Seldovia Airport
737,Burton,Gosnell,bgosnellkg@list-manage.com,Male,IR,Kerman Airport
738,Raimondo,Purbrick,rpurbrickkh@tinyurl.com,Male,ZA,Reivilo Airport
739,Gilli,Dancer,gdancerki@github.io,Female,US,Billings Logan International Airport
740,Clemmy,Bausor,cbausorkj@hatena.ne.jp,Male,US,Britton Municipal Airport
741,Andromache,Caurah,acaurahkk@sfgate.com,Female,US,Gabbs Airport
742,Florinda,Pardue,fparduekl@vimeo.com,Female,US,Minot Air Force Base
743,Dale,Welbelove,dwelbelovekm@alibaba.com,Genderqueer,CN,Xiamen Gaoqi International Airport
744,Mariejeanne,Caulton,mcaultonkn@dailymotion.com,Female,ES,Vitoria/Foronda Airport
745,Dory,Churchman,dchurchmanko@g.co,Female,MH,Enyu Airfield
746,Ebenezer,Kohler,ekohlerkp@sitemeter.com,Male,ID,Sampit(Hasan) Airport
747,Darya,Ramsbotham,dramsbothamkq@bandcamp.com,Female,US,Portland International Jetport Airport
748,Raychel,Blankhorn,rblankhornkr@photobucket.com,Genderqueer,BS,Staniel Cay Airport
749,Alisha,Sherebrooke,asherebrookeks@scribd.com,Female,PG,Bialla Airport
750,Vernor,Blowing,vblowingkt@youtu.be,Non-binary,US,Newton City-County Airport
751,Allissa,Cowndley,acowndleyku@mac.com,Female,PT,Aerodromo de Chaves
752,Zed,Mayers,zmayerskv@privacy.gov.au,Male,SR,Johan Adolf Pengel International Airport
753,Talbert,Izzatt,tizzattkw@dailymail.co.uk,Male,NZ,Ryan's Creek Aerodrome
754,Monroe,Ruben,mrubenkx@buzzfeed.com,Male,CN,Ordos Ejin Horo Airport
755,Barth,Bouette,bbouetteky@earthlink.net,Male,FR,Roanne-Renaison Airport
756,Martie,Stonard,mstonardkz@friendfeed.com,Female,PY,Filadelfia Airport
757,Trefor,Rabbitt,trabbittl0@example.com,Male,BF,Arly Airport
758,Arnaldo,McQuillan,amcquillanl1@topsy.com,Male,TD,Bokoro Airport
759,Jobina,Coweuppe,jcoweuppel2@scribd.com,Female,AU,Springvale Airport
760,Hamil,Roydon,hroydonl3@comcast.net,Male,GB,Papa Stour Airport
761,Ronalda,Chomiszewski,rchomiszewskil4@chicagotribune.com,Female,AU,Balcanoona Airport
762,Ki,Leimster,kleimsterl5@marketwatch.com,Female,YE,Kamaran Airport
763,Edwina,Garrow,egarrowl6@intel.com,Female,FR,Abbeville
764,Christa,Tomaino,ctomainol7@lycos.com,Female,EC,Reales Tamarindos Airport
765,Alric,Burborough,aburboroughl8@columbia.edu,Male,AU,Gibb River Airport
766,Stafford,Beagley,sbeagleyl9@reverbnation.com,Male,CO,Alfonso Bonilla Aragon International Airport
767,Alejandra,Vain,avainla@unicef.org,Female,SD,Nyala Airport
768,Judie,Jovicic,jjoviciclb@japanpost.jp,Female,US,Key Field
769,Wolfie,Rodear,wrodearlc@prlog.org,Male,IR,Sirjan Airport
770,Ailbert,Stacey,astaceyld@apache.org,Non-binary,US,Crane County Airport
771,Rhianna,Sockell,rsockellle@sourceforge.net,Female,MY,Long Banga Airport
772,Sol,Facher,sfacherlf@angelfire.com,Male,US,Abraham Lincoln Capital Airport
773,Heath,Warboy,hwarboylg@bloglines.com,Non-binary,MY,Kuantan Airport
774,Tonye,Jerzyk,tjerzyklh@t-online.de,Female,SE,Skövde Airport
775,Clevie,Bythway,cbythwayli@photobucket.com,Male,RU,Staroselye Airport
776,Oates,Wilcocke,owilcockelj@yolasite.com,Male,TO,Kaufana Airport
777,Miguelita,Barti,mbartilk@comcast.net,Female,BR,Lins Airport
778,Frieda,Spinola,fspinolall@xing.com,Female,ID,Muhammad Salahuddin Airport
779,Zane,Whatsize,zwhatsizelm@zdnet.com,Male,CN,Enshi Airport
780,Deina,Messom,dmessomln@tumblr.com,Female,US,Ellison Onizuka Kona International At Keahole Airport
781,Ruben,Karadzas,rkaradzaslo@apple.com,Male,NG,Akwa Ibom International Airport
782,Herbie,Mumbey,hmumbeylp@arstechnica.com,Male,CN,Shanghai Pudong International Airport
783,Janel,Jachimak,jjachimaklq@amazon.de,Female,CO,Velásquez Airport
784,Bat,Klammt,bklammtlr@sfgate.com,Male,US,Yeager Airport
785,Berke,Matovic,bmatovicls@flickr.com,Male,PG,Simbai Airport
786,Marlo,Capelin,mcapelinlt@yelp.com,Male,BR,Mário Pereira Lopes–São Carlos Airport
787,Humphrey,Doche,hdochelu@cdc.gov,Male,CA,Aklavik/Freddie Carmichael Airport
788,Bonnibelle,Jerratsch,bjerratschlv@nytimes.com,Female,US,Chalkyitsik Airport
789,Alexandre,Brinicombe,abrinicombelw@examiner.com,Male,AU,Townsville Airport
790,Puff,Menco,pmencolx@chicagotribune.com,Male,IR,Aghajari Airport
791,Cherida,Peddel,cpeddelly@ted.com,Female,SD,Dongola Airport
792,Kevon,Nisen,knisenlz@feedburner.com,Male,IS,Kópasker Airport
793,Douglas,Self,dselfm0@ehow.com,Male,BJ,Savé Airport
794,Estele,Hillan,ehillanm1@phpbb.com,Female,CF,Bangui M'Poko International Airport
795,Vick,Spera,vsperam2@hubpages.com,Male,TR,Sabiha Gökçen International Airport
796,Korrie,Moores,kmooresm3@foxnews.com,Female,AU,Inverell Airport
797,Hersh,Brion,hbrionm4@lycos.com,Polygender,US,West Memphis Municipal Airport
798,Dianna,Baggs,dbaggsm5@sbwire.com,Female,US,Haley Army Airfield
799,Aloisia,Bronot,abronotm6@unblog.fr,Female,AR,Termal Airport
800,Laurens,Readett,lreadettm7@example.com,Male,PG,Maron Island Airport
801,Dmitri,Curnock,dcurnockm8@bizjournals.com,Male,CL,Desierto de Atacama Airport
802,Maxy,Calafate,mcalafatem9@naver.com,Female,PG,Olsobip Airport
803,Zechariah,Cogin,zcoginma@hc360.com,Male,GB,Shoreham Airport
804,Ely,Woodroffe,ewoodroffemb@stanford.edu,Male,US,San Angelo Regional Mathis Field
805,Ingar,Axten,iaxtenmc@yale.edu,Male,BG,Silistra Polkovnik Lambrinovo Air Base
806,Tallie,Vasyagin,tvasyaginmd@nifty.com,Female,PG,Erave Airport
807,Ellissa,Bartholomew,ebartholomewme@unesco.org,Female,AU,Bairnsdale Airport
808,Ora,Olver,oolvermf@go.com,Female,CN,Datong Airport
809,Ramsay,Bursnell,rbursnellmg@theguardian.com,Male,US,Jack Northrop Field Hawthorne Municipal Airport
810,Eddi,Chittie,echittiemh@ucla.edu,Female,CA,North Battleford Airport
811,Kynthia,Matresse,kmatressemi@hp.com,Female,AR,Catamarca Airport
812,Juliet,Muzzall,jmuzzallmj@harvard.edu,Female,BR,Congonhas Airport
813,Gallard,Pickston,gpickstonmk@nyu.edu,Male,ES,Palma De Mallorca Airport
814,Darci,Alyutin,dalyutinml@blogtalkradio.com,Female,US,Algona Municipal Airport
815,Chrissie,Geer,cgeermm@fema.gov,Male,FR,Quimper-Cornouaille Airport
816,Ronda,Fordham,rfordhammn@youtu.be,Female,BR,Presidente Venceslau Airport
817,Chelsie,Poulsum,cpoulsummo@bluehost.com,Female,JP,Miyakejima Airport
818,Angus,Theriot,atheriotmp@cdbaby.com,Male,US,Monticello Airport
819,Thoma,Dowles,tdowlesmq@naver.com,Non-binary,US,Sand Point Airport
820,Aleen,Gascone,agasconemr@cocolog-nifty.com,Female,US,Dubois Municipal Airport
821,Bunnie,Tonna,btonnams@netscape.com,Female,CA,Salluit Airport
822,Robina,Maren,rmarenmt@nih.gov,Female,AR,Valcheta Airport
823,Karmen,Burgoin,kburgoinmu@g.co,Genderfluid,ID,Sultan Aji Muhamad Sulaiman Airport
824,Gerta,Doerling,gdoerlingmv@netlog.com,Genderqueer,KG,Issyk-Kul International Airport
825,Ermengarde,Legat,elegatmw@abc.net.au,Female,CL,Víctor Lafón Airport
826,Marys,Queen,mqueenmx@twitter.com,Non-binary,US,Mettel Field
827,Zebulon,Slinger,zslingermy@phoca.cz,Male,CD,Kilwa Airport
828,Reed,Jest,rjestmz@xing.com,Male,US,Craig Seaplane Base
829,Keefe,McGlue,kmcgluen0@hostgator.com,Male,US,Arctic Village Airport
830,Brendan,Ullyatt,bullyattn1@yahoo.com,Male,RU,Chelyabinsk Balandino Airport
831,Gaspard,Pregal,gpregaln2@google.cn,Male,NA,Sesriem Airstrip
832,Linoel,Gilbanks,lgilbanksn3@alibaba.com,Male,US,Marion County Rankin Fite Airport
833,Lidia,Pregal,lpregaln4@google.ru,Female,IT,Bari Karol Wojtyła Airport
834,Pepillo,Pesak,ppesakn5@opera.com,Male,NZ,Rotorua Regional Airport
835,Courtnay,Imlin,cimlinn6@nature.com,Female,AU,Dirranbandi Airport
836,Brit,Guichard,bguichardn7@sourceforge.net,Female,US,Amchitka Army Airfield
837,Alonso,Clewes,aclewesn8@hugedomains.com,Male,FI,Hyvinkää Airfield
838,Murdoch,Peckham,mpeckhamn9@mit.edu,Male,US,Macomb Municipal Airport
839,Sean,Ralestone,sralestonena@omniture.com,Male,US,Elizabeth City Regional Airport & Coast Guard Air Station
840,Julie,Cavill,jcavillnb@godaddy.com,Polygender,US,Bomar Field Shelbyville Municipal Airport
841,Marj,Shambrook,mshambrooknc@imageshack.us,Female,AO,Mbanza Congo Airport
842,Mathilda,Habberjam,mhabberjamnd@dropbox.com,Female,PF,Pukarua Airport
843,Dore,Neem,dneemne@typepad.com,Male,IR,Ramsar Airport
844,Aggie,Saby,asabynf@tmall.com,Female,BR,Fazenda Santa Maria Airport
845,Delphinia,Antoszczyk,dantoszczykng@hibu.com,Genderqueer,PG,Kuyol Airport
846,Brewer,Dandison,bdandisonnh@ezinearticles.com,Male,KZ,Boralday Airport
847,Faye,Cattini,fcattinini@163.com,Female,ES,Málaga Airport
848,Casper,Billiard,cbilliardnj@elpais.com,Male,ID,Bawean Airport
849,Kali,Maskell,kmaskellnk@adobe.com,Female,BR,Rubem Berta Airport
850,Michael,Bothams,mbothamsnl@unc.edu,Male,US,Glendale Fokker Field
851,Lainey,Vargas,lvargasnm@last.fm,Female,US,Charleston Air Force Base-International Airport
852,Rudie,Crat,rcratnn@blogger.com,Male,US,H H Coffield Regional Airport
853,Clementius,Sayers,csayersno@army.mil,Male,PF,Rurutu Airport
854,Glory,Barbrook,gbarbrooknp@mozilla.com,Female,MX,General Francisco Javier Mina International Airport
855,Warde,Coogan,wcoogannq@hp.com,Male,KR,Gimhae International Airport
856,Sherwin,Mathews,smathewsnr@stumbleupon.com,Male,CD,Kamina Base Airport
857,Shannah,Edgeley,sedgeleyns@free.fr,Female,CN,Longyan Guanzhishan Airport
858,Terrill,Streetley,tstreetleynt@exblog.jp,Male,IR,Semnan Municipal Airport
859,Isacco,Heinert,iheinertnu@taobao.com,Male,PG,Honinabi Airport
860,Kristina,Durand,kdurandnv@scribd.com,Female,TD,Pala Airport
861,Cheryl,Bernardet,cbernardetnw@hp.com,Female,US,Bartlesville Municipal Airport
862,Terrance,Vasilechko,tvasilechkonx@google.es,Male,US,Center Island Airport
863,Carlee,Coston,ccostonny@comcast.net,Female,IN,Maharana Pratap Airport
864,Merill,Utteridge,mutteridgenz@discuz.net,Genderfluid,CN,Shaoyang Wugang Airport
865,Viviene,Gergus,vgerguso0@fema.gov,Female,ID,Sam Ratulangi Airport
866,Vitia,Girault,vgiraulto1@diigo.com,Female,CD,Ilebo Airport
867,Cirillo,Mobberley,cmobberleyo2@privacy.gov.au,Male,AR,Tres Arroyos Airport
868,Sande,Slora,sslorao3@narod.ru,Female,BO,Yacuiba Airport
869,Rinaldo,Longo,rlongoo4@seesaa.net,Male,US,Carson Airport
870,Helenelizabeth,Allsobrook,hallsobrooko5@posterous.com,Female,AR,Las Heras Airport
871,Hadleigh,Selliman,hsellimano6@ifeng.com,Male,GT,La Aurora Airport
872,Inigo,Marnane,imarnaneo7@51.la,Male,MY,Kuching International Airport
873,Ingelbert,Chadney,ichadneyo8@cyberchimps.com,Male,US,Lihue Airport
874,Myrna,Rowan,mrowano9@vistaprint.com,Female,RU,Olenyok Airport
875,Clayson,Trott,ctrottoa@goo.ne.jp,Male,US,Nenana Municipal Airport
876,Sheilah,Howbrook,showbrookob@nhs.uk,Female,LT,Palanga International Airport
877,Cortie,Arondel,carondeloc@walmart.com,Male,US,Wales Airport
878,Ingrid,Cuddehay,icuddehayod@msn.com,Female,GB,Lerwick / Tingwall Airport
879,Humfrid,Mordue,hmordueoe@pbs.org,Male,TR,Antalya International Airport
880,Garrek,Stallard,gstallardof@github.io,Polygender,US,Atqasuk Edward Burnell Sr Memorial Airport
881,Kaitlynn,Fairbanks,kfairbanksog@cdc.gov,Female,PG,Suria Airport
882,Linet,O'Loinn,loloinnoh@rakuten.co.jp,Female,TZ,Pemba Airport
883,Melisenda,Ghion,mghionoi@about.me,Female,MX,Nogales International Airport
884,Ramon,Lippard,rlippardoj@vimeo.com,Male,US,Tokeen Seaplane Base
885,Garrott,Zanussii,gzanussiiok@feedburner.com,Male,CA,Fort McMurray / Mildred Lake Airport
886,Star,Favell,sfavellol@tuttocitta.it,Female,ID,Apalapsili Airport
887,Brew,Kobelt,bkobeltom@upenn.edu,Male,CN,Alxa Right Banner Badanjilin Airport
888,Idell,Molfino,imolfinoon@meetup.com,Female,TZ,Njombe Airport
889,Nadiya,Canceller,ncancelleroo@tripadvisor.com,Female,NP,Bhojpur Airport
890,Lexine,Bitterton,lbittertonop@theatlantic.com,Female,CN,Shubuling Airport
891,Grove,McGinny,gmcginnyoq@addtoany.com,Male,PG,Leron Plains Airport
892,Cecilius,Pimlock,cpimlockor@indiegogo.com,Male,US,Fort Madison Municipal Airport
893,Reggy,Dengate,rdengateos@photobucket.com,Male,SO,Scusciuban Airport
894,Gerardo,MacKnockiter,gmacknockiterot@reference.com,Male,BR,Fazenda Tucunaré Airport
895,Hall,Matschuk,hmatschukou@4shared.com,Male,US,Kotlik Airport
896,Etheline,Samworth,esamworthov@addthis.com,Female,US,Bermuda Dunes Airport
897,Kennan,Hadrill,khadrillow@shinystat.com,Male,CI,Port Bouet Airport
898,Hube,Romer,hromerox@newyorker.com,Male,PG,Wapolu Airport
899,Arlin,Henningham,ahenninghamoy@flickr.com,Male,KE,Liboi Airport
900,Kathrine,Twittey,ktwitteyoz@hexun.com,Female,DE,Fürstenfeldbruck Air Base
901,Claire,Marielle,cmariellep0@hubpages.com,Female,FR,Les Sables-d'Olonne Talmont Airport
902,Beitris,Bunnell,bbunnellp1@economist.com,Female,CO,Montelibano Airport
903,Ketty,Murthwaite,kmurthwaitep2@ning.com,Female,US,Wright AAF (Fort Stewart)/Midcoast Regional Airport
904,Cathe,Perfect,cperfectp3@quantcast.com,Female,MY,Bintulu Airport
905,Francyne,Maher,fmaherp4@deliciousdays.com,Female,US,Fort Dodge Regional Airport
906,Jacky,Redgewell,jredgewellp5@technorati.com,Male,US,Maxson Airfield
907,Daven,Normaville,dnormavillep6@utexas.edu,Genderqueer,CI,Nero-Mer Airport
908,Tess,Havard,thavardp7@geocities.jp,Female,PH,Basco Airport
909,Tony,Rembrant,trembrantp8@nasa.gov,Agender,CA,Douglas Lake Airport
910,Monika,Donnelly,mdonnellyp9@yale.edu,Female,CN,Tacheng Airport
911,Yurik,Evins,yevinspa@gmpg.org,Male,PG,Pangia Airport
912,Petronia,McGinnis,pmcginnispb@csmonitor.com,Female,US,Jefferson Municipal Airport
913,Pietrek,Emby,pembypc@domainmarket.com,Male,US,Idaho County Airport
914,Giulio,Herrero,gherreropd@bluehost.com,Male,AU,Broken Hill Airport
915,Adrienne,Caspell,acaspellpe@ted.com,Female,CN,Ordos Ejin Horo Airport
916,Thia,Lockie,tlockiepf@networkadvertising.org,Female,AU,Ouyen Airport
917,Kristien,Marjanski,kmarjanskipg@behance.net,Female,US,Easterwood Field
918,Worth,Schruurs,wschruursph@dailymail.co.uk,Male,US,Concord Municipal Airport
919,Tera,Sharpin,tsharpinpi@mac.com,Female,US,Anderson Regional Airport
920,Berny,Hatley,bhatleypj@i2i.jp,Male,MY,Pulau Pangkor Airport
921,Donal,Perring,dperringpk@jimdo.com,Male,ZA,OR Tambo International Airport
922,Hedvig,Phear,hphearpl@1688.com,Female,ID,Lewoleba Airport
923,Elladine,Matteau,ematteaupm@answers.com,Female,TZ,Kigoma Airport
924,Jaimie,Milberry,jmilberrypn@opera.com,Polygender,US,Owensboro Daviess County Airport
925,Syd,Haffard,shaffardpo@ning.com,Male,PG,Karato Airport
926,Kimmi,McTerlagh,kmcterlaghpp@nbcnews.com,Female,RU,Ignatyevo Airport
927,Roldan,Seed,rseedpq@bizjournals.com,Male,US,Whiteman Air Force Base
928,Hannie,Hannan,hhannanpr@zdnet.com,Female,KE,Mandera Airport
929,Meir,McAw,mmcawps@issuu.com,Genderqueer,MG,Belo sur Tsiribihina Airport
930,Lavinie,Mansour,lmansourpt@freewebs.com,Female,NP,Dolpa Airport
931,Brewer,Doughill,bdoughillpu@smugmug.com,Male,BR,Eduardo Gomes International Airport
932,Joann,Naerup,jnaeruppv@arstechnica.com,Female,PG,Sissano Airport
933,Aylmar,Trunkfield,atrunkfieldpw@aboutads.info,Male,BR,Senadora Eunice Micheles Airport
934,Charmine,Bigrigg,cbigriggpx@pbs.org,Female,AU,Condobolin Airport
935,Caritta,Pitkaithly,cpitkaithlypy@mit.edu,Female,SA,Riyadh Air Base
936,Belita,Kyte,bkytepz@squidoo.com,Female,PG,Bambu Airport
937,Harlene,Piatkow,hpiatkowq0@barnesandnoble.com,Female,ES,Lleida-Alguaire Airport
938,Deerdre,Leuren,dleurenq1@naver.com,Female,SN,Saint Louis Airport
939,Porter,MacMearty,pmacmeartyq2@virginia.edu,Male,PL,Poznań-Ławica Airport
940,Murdoch,Porteous,mporteousq3@umich.edu,Male,US,Portsmouth International at Pease Airport
941,Eduard,Perfili,eperfiliq4@amazon.de,Male,CH,St Gallen Altenrhein Airport
942,Minerva,Doveston,mdovestonq5@who.int,Polygender,PT,Madeira Airport
943,Kellen,Ashdown,kashdownq6@gnu.org,Female,IE,Inishmaan Aerodrome
944,Roze,Capsey,rcapseyq7@accuweather.com,Female,IS,Ólafsfjörður Airport
945,Evaleen,Cristofvao,ecristofvaoq8@dion.ne.jp,Female,AU,Coonabarabran Airport
946,Odey,Tommen,otommenq9@ask.com,Male,US,Port Graham Airport
947,Marice,Balasini,mbalasiniqa@51.la,Female,RU,Tolmachevo Airport
948,Aridatha,Purkiss,apurkissqb@wired.com,Female,CF,Ouadda Airport
949,Neddy,Joscelyne,njoscelyneqc@independent.co.uk,Male,DK,Skrydstrup Air Base
950,Patsy,Andriulis,pandriulisqd@deliciousdays.com,Female,NA,Ai-Ais Airport
951,Lucio,Kineton,lkinetonqe@blogger.com,Male,KR,Yecheon Airbase
952,Casey,Lubbock,clubbockqf@nbcnews.com,Female,CO,German Olano Air Base
953,Ambrose,Kleinsinger,akleinsingerqg@deviantart.com,Male,MR,Chinguetti Airport
954,Barnabas,Rangle,brangleqh@behance.net,Male,CO,Alfredo Vásquez Cobo International Airport
955,Jemmy,Goggey,jgoggeyqi@yale.edu,Female,SC,Seychelles International Airport
956,Catherine,Shakesby,cshakesbyqj@wix.com,Female,TN,Monastir Habib Bourguiba International Airport
957,Sloan,Selbie,sselbieqk@artisteer.com,Male,US,Vandalia Municipal Airport
958,Antin,Walhedd,awalheddql@posterous.com,Polygender,RU,Pskov Airport
959,Anne-corinne,Damerell,adamerellqm@howstuffworks.com,Female,RU,Balakovo Airport
960,Zahara,Beszant,zbeszantqn@google.com.br,Female,IS,Kópasker Airport
961,Tedd,Bidgod,tbidgodqo@sina.com.cn,Male,TH,Chiang Mai International Airport
962,Eimile,Orvis,eorvisqp@sitemeter.com,Female,GP,Baillif Airport
963,Burr,Goggins,bgogginsqq@about.me,Male,AU,Bendigo Airport
964,Carlina,Grigor,cgrigorqr@wiley.com,Female,TH,Surat Thani Airport
965,Stace,Clancy,sclancyqs@unicef.org,Female,US,Fort Lee Army Airfield
966,Adlai,Barsham,abarshamqt@abc.net.au,Male,CA,Wollaston Lake Airport
967,Dorice,Coldbreath,dcoldbreathqu@indiatimes.com,Female,NO,Sandnessjøen Airport (Stokka)
968,Petronilla,Kinnon,pkinnonqv@unesco.org,Female,IS,Fáskrúðsfjörður Airport
969,Alard,Daniells,adaniellsqw@issuu.com,Male,FR,Le Castellet Airport
970,Kermit,Challis,kchallisqx@thetimes.co.uk,Male,AU,Pardoo Airport
971,Aleda,Rylstone,arylstoneqy@washingtonpost.com,Female,AF,Herat Airport
972,Nara,Jory,njoryqz@nbcnews.com,Female,TO,Kaufana Airport
973,Lenore,Kliemann,lkliemannr0@vinaora.com,Female,PG,Tekin Airport
974,Andre,Reame,areamer1@gravatar.com,Male,US,Hydaburg Seaplane Base
975,Damian,Kenna,dkennar2@europa.eu,Male,MR,Nouakchott–Oumtounsy International Airport
976,Brade,Le Barre,blebarrer3@hatena.ne.jp,Male,VN,Buon Ma Thuot Airport
977,Kriste,Tucknott,ktucknottr4@tumblr.com,Female,US,Loring International Airport
978,Ado,Lillecrop,alillecropr5@jigsy.com,Male,US,Barksdale Air Force Base
979,Gary,Ishak,gishakr6@microsoft.com,Male,US,Smith Field
980,Casey,Lujan,clujanr7@sun.com,Genderqueer,CA,Charlo Airport
981,Alanah,Sparrow,asparrowr8@php.net,Female,ID,"Wahai,Seram Island"
982,Thia,Trewinnard,ttrewinnardr9@altervista.org,Female,US,Salton Sea Airport
983,Ofelia,Corday,ocordayra@over-blog.com,Female,PG,Kiunga Airport
984,Ansel,Gallon,agallonrb@dot.gov,Polygender,GA,Tchibanga Airport
985,Trever,Daughtery,tdaughteryrc@wired.com,Male,AU,Beagle Bay Airport
986,Giorgi,Neachell,gneachellrd@diigo.com,Male,SE,Stockholm Västerås Airport
987,Lilas,Angus,langusre@cisco.com,Female,CO,La Gaviota Airport
988,Janek,Piotr,jpiotrrf@google.it,Male,IN,Rajiv Gandhi International Airport
989,Dorthy,Thomassin,dthomassinrg@bloglovin.com,Female,US,Baton Rouge Metropolitan Airport
990,Raymund,Ritch,rritchrh@aol.com,Male,US,Martha's Vineyard Airport
991,Rossie,Tindley,rtindleyri@list-manage.com,Male,KR,Chuja Port Heliport
992,Marie-jeanne,Frays,mfraysrj@amazon.de,Female,US,Pensacola Naval Air Station/Forrest Sherman Field
993,Arvie,Rapaport,arapaportrk@smh.com.au,Male,BR,Francisco Beltrão Airport
994,Stevie,O'Lahy,solahyrl@ovh.net,Male,US,Middle Georgia Regional Airport
995,Corey,Curwood,ccurwoodrm@mit.edu,Female,IN,Along Airport
996,Bernice,Gerrard,bgerrardrn@omniture.com,Female,BW,Francistown Airport
997,Rochella,Ivanyushin,rivanyushinro@yellowbook.com,Female,ST,Porto Alegre Airport
998,Emery,Odom,eodomrp@bloglovin.com,Male,NP,Bajura Airport
999,Warden,Yurchenko,wyurchenkorq@gizmodo.com,Male,US,Black Hills Airport-Clyde Ice Field
1000,Hastie,O'Kelly,hokellyrr@reverbnation.com,Male,US,Garner Field
